CustomerID,CustomerName,Segment,State,City,SignupDate
CUST00001,Jayan Mandal,Home Office,Maharashtra,Bharatpur,2026-01-30
CUST00002,Badal Saxena,Consumer,Tamil Nadu,Moradabad,2024-09-05
CUST00003,Shanaya Trivedi,Consumer,Delhi,Vadodara,2024-01-01
CUST00004,Urvi Bassi,Consumer,Maharashtra,Vadodara,2025-08-16
CUST00005,Farhan Brar,Home Office,Telangana,Tenali,2021-11-07
CUST00006,Divyansh Halder,Consumer,Punjab,Rourkela,2025-08-05
CUST00007,Kiaan Thaker,Corporate,West Bengal,Salem,2022-01-06
CUST00008,Rania Madan,Consumer,Maharashtra,Singrauli,2021-10-28
CUST00009,Elakshi Singhal,Consumer,Delhi,Bhagalpur,2022-06-15
CUST00010,Seher Gade,Home Office,Punjab,Latur,2021-11-04
CUST00011,Krish Dara,Consumer,Telangana,Nellore,2023-01-22
CUST00012,Piya Kar,Consumer,Telangana,Bhiwani,2021-12-15
CUST00013,Vedika Bhasin,Corporate,Delhi,Hapur,2025-10-16
CUST00014,Aarna Bhatnagar,Corporate,Punjab,Amaravati,2021-12-22
CUST00015,Anaya Sharma,Corporate,West Bengal,Dibrugarh,2026-01-22
CUST00016,Kartik Hari,Consumer,Rajasthan,Dhanbad,2025-05-05
CUST00017,Ela Chandra,Corporate,Tamil Nadu,Ratlam,2025-02-08
CUST00018,Anahita Warrior,Consumer,Delhi,Mehsana,2025-06-30
CUST00019,Nehmat Deep,Corporate,Maharashtra,Pudukkottai,2023-08-05
CUST00020,Farhan Bhalla,Consumer,Rajasthan,Alappuzha,2024-05-20
CUST00021,Saira Sha,Consumer,Gujarat,Ranchi,2022-07-12
CUST00022,Samaira Bhakta,Corporate,Punjab,Motihari,2023-11-30
CUST00023,Amira Das,Corporate,West Bengal,Agartala,2023-01-11
CUST00024,Samaira Sur,Home Office,Uttar Pradesh,Vijayawada,2023-12-22
CUST00025,Dhanush Chaudhuri,Home Office,Maharashtra,Madhyamgram,2024-12-03
CUST00026,Ahana  Bobal,Corporate,Maharashtra,Kishanganj,2025-02-08
CUST00027,Mamooty Bora,Home Office,Tamil Nadu,Kulti,2024-09-05
CUST00028,Kavya Gupta,Home Office,Punjab,Ambattur,2025-11-21
CUST00029,Tarini Lall,Corporate,Punjab,Nangloi Jat,2024-12-22
CUST00030,Navya Ramakrishnan,Consumer,Maharashtra,Tenali,2025-08-26
CUST00031,Rhea Bedi,Consumer,Delhi,Katni,2023-07-26
CUST00032,Heer Varkey,Corporate,Maharashtra,Satara,2022-06-10
CUST00033,Nirvaan Sathe,Consumer,Maharashtra,Ichalkaranji,2023-06-02
CUST00034,Saksham Kala,Corporate,Tamil Nadu,Amritsar,2023-05-06
CUST00035,Saanvi Suresh,Corporate,Gujarat,Rajkot,2022-09-21
CUST00036,Kanav Dyal,Consumer,Gujarat,Davanagere,2022-10-17
CUST00037,Veer Borah,Corporate,Delhi,Shahjahanpur,2024-03-10
CUST00038,Shayak Brar,Home Office,Tamil Nadu,Korba,2021-10-02
CUST00039,Nehmat Randhawa,Home Office,Maharashtra,Ramagundam,2026-02-19
CUST00040,Jiya Ranganathan,Home Office,Karnataka,Firozabad,2025-12-30
CUST00041,Divyansh Sankar,Home Office,Delhi,Sri Ganganagar,2025-12-20
CUST00042,Nehmat Desai,Consumer,Uttar Pradesh,Bhusawal,2022-12-20
CUST00043,Aarav Soni,Corporate,Tamil Nadu,Suryapet,2022-08-20
CUST00044,Fateh Rajagopalan,Home Office,Telangana,Amritsar,2022-03-13
CUST00045,Samar Lal,Consumer,Gujarat,Surendranagar Dudhrej,2021-12-28
CUST00046,Aradhya Sathe,Consumer,Delhi,Madhyamgram,2024-07-06
CUST00047,Ela Loke,Consumer,Gujarat,Bhatpara,2022-11-22
CUST00048,Faiyaz Chopra,Corporate,Tamil Nadu,Dharmavaram,2023-01-07
CUST00049,Akarsh Sarna,Consumer,Delhi,Avadi,2025-03-19
CUST00050,Taran Ganguly,Home Office,Gujarat,Thane,2024-11-30
CUST00051,Tejas Bhalla,Consumer,Uttar Pradesh,Loni,2024-11-20
CUST00052,Eva Choudhry,Corporate,Uttar Pradesh,Panipat,2023-06-24
CUST00053,Drishya Khare,Consumer,Tamil Nadu,Satara,2021-07-24
CUST00054,Gokul Walia,Consumer,Delhi,Vijayawada,2023-01-27
CUST00055,Samarth Deshpande,Home Office,Telangana,Rajahmundry,2023-07-18
CUST00056,Yakshit Lad,Home Office,Tamil Nadu,Shimla,2024-01-01
CUST00057,Baiju Goel,Home Office,Punjab,Miryalaguda,2026-04-16
CUST00058,Arnav Behl,Corporate,Punjab,New Delhi,2025-06-08
CUST00059,Saira Date,Corporate,Gujarat,Ozhukarai,2025-09-01
CUST00060,Zeeshan Jayaraman,Consumer,Karnataka,Sambhal,2023-08-10
CUST00061,Neelofar Tank,Home Office,Uttar Pradesh,Mathura,2023-05-23
CUST00062,Sahil Wable,Consumer,West Bengal,Kamarhati,2023-08-08
CUST00063,Nitya Singhal,Consumer,Karnataka,Surendranagar Dudhrej,2024-03-07
CUST00064,Kanav Goda,Home Office,Karnataka,Nagaon,2025-12-12
CUST00065,Uthkarsh Karan,Home Office,Rajasthan,Malda,2024-09-02
CUST00066,Navya Choudhary,Home Office,Maharashtra,Pudukkottai,2023-05-20
CUST00067,Adira Rattan,Corporate,Rajasthan,Nagaon,2022-05-30
CUST00068,Jayant Jain,Home Office,Uttar Pradesh,Ballia,2023-03-07
CUST00069,Sumer Handa,Home Office,Tamil Nadu,Malegaon,2022-05-17
CUST00070,Hansh Dyal,Home Office,West Bengal,Salem,2022-10-04
CUST00071,Anahita Rana,Home Office,Maharashtra,Begusarai,2022-07-27
CUST00072,Gokul Sura,Home Office,Telangana,Mumbai,2023-08-22
CUST00073,Manjari Sahni,Corporate,Gujarat,South Dumdum,2021-09-01
CUST00074,Anahita Gandhi,Consumer,Tamil Nadu,Chittoor,2025-04-21
CUST00075,Shalv Badal,Corporate,Karnataka,Dehri,2024-05-08
CUST00076,Veer Edwin,Corporate,West Bengal,Durgapur,2022-11-05
CUST00077,Eva Soni,Home Office,Tamil Nadu,Khora ,2021-05-30
CUST00078,Lakshit Seshadri,Home Office,Karnataka,Bhind,2025-06-09
CUST00079,Tarini Bakshi,Home Office,Maharashtra,Hubli–Dharwad,2024-08-12
CUST00080,Neysa Mangat,Home Office,Tamil Nadu,Guntur,2026-02-17
CUST00081,Ivan Suri,Home Office,Telangana,Hapur,2025-01-08
CUST00082,Ehsaan Dar,Home Office,Delhi,Howrah,2022-08-29
CUST00083,Raghav Aggarwal,Consumer,Gujarat,Buxar,2026-03-26
CUST00084,Zain Jain,Consumer,Telangana,Danapur,2025-09-14
CUST00085,Riya Bhattacharyya,Home Office,West Bengal,Kharagpur,2021-06-30
CUST00086,Rania Bora,Home Office,Gujarat,Uluberia,2025-05-01
CUST00087,Lakshay Yohannan,Corporate,West Bengal,Bidar,2025-06-04
CUST00088,Anika Sankar,Consumer,Gujarat,Morbi,2024-04-22
CUST00089,Chirag Chandran,Corporate,Delhi,Ghaziabad,2024-04-12
CUST00090,Alisha Bava,Consumer,Delhi,Katni,2026-02-26
CUST00091,Shaan Savant,Home Office,Maharashtra,Khandwa,2026-02-18
CUST00092,Eva Ganesh,Consumer,Uttar Pradesh,Vellore,2025-01-23
CUST00093,Farhan Sastry,Consumer,Telangana,Gandhidham,2023-03-22
CUST00094,Keya Dash,Consumer,Karnataka,Proddatur,2025-04-11
CUST00095,Kiaan Gola,Home Office,Uttar Pradesh,Bhiwandi,2021-09-30
CUST00096,Adah Kala,Home Office,Karnataka,Bhalswa Jahangir Pur,2023-10-21
CUST00097,Inaaya  Sem,Corporate,Telangana,Sonipat,2022-01-01
CUST00098,Armaan Dhingra,Home Office,Rajasthan,Amaravati,2026-04-27
CUST00099,Aaina Ram,Consumer,Telangana,Bharatpur,2022-07-30
CUST00100,Vihaan De,Home Office,Delhi,Jammu,2022-06-28
CUST00101,Suhana Sidhu,Home Office,Tamil Nadu,Bidar,2023-10-12
CUST00102,Piya Sha,Corporate,Gujarat,Deoghar,2024-06-15
CUST00103,Jayesh Sagar,Corporate,Telangana,Malegaon,2024-11-16
CUST00104,Renee Lanka,Corporate,Maharashtra,Serampore,2024-03-19
CUST00105,Stuvan Karnik,Consumer,Delhi,Sikar,2023-05-03
CUST00106,Ishaan Saraf,Consumer,Gujarat,Nagercoil,2023-09-11
CUST00107,Kiara Bakshi,Consumer,Punjab,Dharmavaram,2022-12-21
CUST00108,Miraya Mane,Home Office,Delhi,Farrukhabad,2024-09-07
CUST00109,Indranil Aggarwal,Home Office,Delhi,Pondicherry,2025-10-25
CUST00110,Taran Uppal,Consumer,Maharashtra,Secunderabad,2022-04-12
CUST00111,Indrajit Bhatt,Home Office,West Bengal,Bhubaneswar,2022-07-11
CUST00112,Saanvi Thakkar,Consumer,Maharashtra,Vadodara,2022-07-27
CUST00113,Taran Lall,Consumer,Gujarat,Begusarai,2024-06-07
CUST00114,Samar Srivastava,Consumer,Telangana,Mumbai,2021-11-08
CUST00115,Tejas Ravel,Consumer,Tamil Nadu,Bally,2021-12-26
CUST00116,Dishani Sule,Home Office,Uttar Pradesh,Ramgarh,2023-07-14
CUST00117,Abram Tak,Consumer,Telangana,Tinsukia,2024-12-07
CUST00118,Armaan Shetty,Consumer,Punjab,Kulti,2023-01-20
CUST00119,Aaina Dalal,Home Office,Uttar Pradesh,Nashik,2023-09-29
CUST00120,Alia Sathe,Consumer,Uttar Pradesh,Gaya,2024-10-02
CUST00121,Inaaya  Chawla,Corporate,Delhi,Bhalswa Jahangir Pur,2024-10-26
CUST00122,Jivin Thakur,Consumer,Maharashtra,Kolkata,2023-07-17
CUST00123,Adira Kaur,Home Office,Rajasthan,Karaikudi,2022-08-28
CUST00124,Vanya Seshadri,Corporate,Rajasthan,Moradabad,2023-04-11
CUST00125,Anika Ganguly,Corporate,Uttar Pradesh,Kavali,2024-06-24
CUST00126,Keya Gokhale,Home Office,West Bengal,Tumkur,2023-05-24
CUST00127,Akarsh Saini,Home Office,Maharashtra,Jamshedpur,2021-09-22
CUST00128,Charvi Rajagopalan,Consumer,Rajasthan,Vellore,2022-08-08
CUST00129,Lakshit Kar,Home Office,Gujarat,Phusro,2023-09-25
CUST00130,Saira Talwar,Consumer,Delhi,Tenali,2023-05-24
CUST00131,Priyansh Khatri,Consumer,Delhi,Secunderabad,2024-03-23
CUST00132,Saanvi Golla,Home Office,Uttar Pradesh,Amritsar,2024-03-10
CUST00133,Kabir Deep,Consumer,Rajasthan,Gurgaon,2026-04-24
CUST00134,Fateh Shroff,Consumer,Tamil Nadu,North Dumdum,2023-11-20
CUST00135,Abram Bhandari,Corporate,Delhi,Pudukkottai,2026-02-19
CUST00136,Advika Doshi,Consumer,Uttar Pradesh,Agra,2024-10-02
CUST00137,Nitya Chokshi,Home Office,Maharashtra,Rajkot,2024-01-11
CUST00138,Prerak Bala,Consumer,Telangana,Durg,2025-12-28
CUST00139,Nitya Bir,Consumer,Maharashtra,Ghaziabad,2022-11-10
CUST00140,Jayesh Kala,Consumer,Karnataka,Kottayam,2025-08-22
CUST00141,Manikya Dara,Corporate,Uttar Pradesh,Vijayanagaram,2026-05-05
CUST00142,Alisha Badami,Corporate,Delhi,Jehanabad,2021-10-24
CUST00143,Tarini Tailor,Corporate,West Bengal,Mango,2021-06-27
CUST00144,Siya Basak,Consumer,Rajasthan,Adoni,2025-05-04
CUST00145,Rasha Bhasin,Consumer,Rajasthan,Moradabad,2021-12-02
CUST00146,Onkar Kohli,Corporate,Uttar Pradesh,Warangal,2024-09-20
CUST00147,Tiya Roy,Corporate,Rajasthan,Pune,2021-11-04
CUST00148,Zeeshan Iyer,Home Office,Telangana,Warangal,2024-04-14
CUST00149,Parinaaz Saraf,Home Office,Uttar Pradesh,Purnia,2023-01-22
CUST00150,Alisha Kota,Consumer,Delhi,Jhansi,2026-02-20
CUST00151,Indranil Karnik,Corporate,Delhi,Yamunanagar,2026-01-10
CUST00152,Nakul Bajaj,Consumer,Punjab,Secunderabad,2021-09-02
CUST00153,Zeeshan Divan,Home Office,Telangana,Chapra,2024-03-19
CUST00154,Nitara Devi,Consumer,Gujarat,Tiruvottiyur,2025-12-26
CUST00155,Kiaan Goel,Consumer,West Bengal,Rajkot,2021-09-12
CUST00156,Dhruv Sharaf,Home Office,Uttar Pradesh,Bilaspur,2022-05-06
CUST00157,Shlok Vala,Home Office,Telangana,Kanpur,2023-07-31
CUST00158,Riaan Shere,Consumer,West Bengal,Bhalswa Jahangir Pur,2025-03-18
CUST00159,Dhruv Gopal,Home Office,Maharashtra,Raichur,2021-06-11
CUST00160,Trisha Jhaveri,Consumer,Maharashtra,Raebareli,2024-08-26
CUST00161,Ranbir Bandi,Home Office,Maharashtra,Ghaziabad,2022-05-05
CUST00162,Kabir Vaidya,Home Office,Delhi,Raebareli,2023-08-24
CUST00163,Faiyaz Gara,Corporate,Maharashtra,Tinsukia,2022-01-13
CUST00164,Tushar Gole,Home Office,Delhi,Raichur,2022-05-11
CUST00165,Advika Sankar,Home Office,Punjab,Kozhikode,2024-08-29
CUST00166,Madhup Deep,Consumer,Punjab,Bellary,2024-02-06
CUST00167,Baiju Sanghvi,Consumer,Rajasthan,Morbi,2021-12-16
CUST00168,Madhup Rattan,Home Office,Punjab,Tumkur,2022-03-04
CUST00169,Aarush Sagar,Home Office,Telangana,Jalgaon,2021-08-19
CUST00170,Jayan Sura,Corporate,Tamil Nadu,Lucknow,2023-07-10
CUST00171,Anahita Bhagat,Consumer,Gujarat,Hindupur,2024-01-13
CUST00172,Yasmin Ray,Consumer,Tamil Nadu,Tumkur,2022-12-14
CUST00173,Nitara Rau,Corporate,Karnataka,Rajpur Sonarpur,2023-11-18
CUST00174,Shayak Sabharwal,Home Office,Tamil Nadu,Anand,2025-04-18
CUST00175,Dhanush Tailor,Corporate,Gujarat,Gulbarga,2024-03-20
CUST00176,Darshit Sridhar,Consumer,West Bengal,Chandigarh,2025-05-02
CUST00177,Rati Dey,Corporate,Punjab,Sasaram,2022-12-25
CUST00178,Urvi Sangha,Home Office,Maharashtra,Tezpur,2023-03-13
CUST00179,Yakshit Dugal,Consumer,Telangana,Berhampur,2024-08-08
CUST00180,Myra Sunder,Consumer,Telangana,Nagaon,2023-06-17
CUST00181,Indrajit Chandran,Corporate,Karnataka,Sagar,2022-04-07
CUST00182,Pari Sami,Corporate,Maharashtra,Agartala,2024-05-18
CUST00183,Kaira Sundaram,Consumer,Gujarat,Jehanabad,2023-06-23
CUST00184,Anahita Lala,Corporate,Karnataka,Nizamabad,2023-10-17
CUST00185,Indranil Manda,Corporate,Telangana,Bhagalpur,2023-05-08
CUST00186,Jiya Warrior,Home Office,Tamil Nadu,Ambattur,2023-02-11
CUST00187,Emir Khosla,Home Office,Telangana,Nellore,2021-08-08
CUST00188,Damini Gala,Consumer,Telangana,Etawah,2024-08-01
CUST00189,Tara Kade,Corporate,Maharashtra,Katni,2024-06-06
CUST00190,Devansh De,Consumer,Tamil Nadu,Raipur,2025-11-11
CUST00191,Oorja Gera,Consumer,Maharashtra,Tiruvottiyur,2025-11-07
CUST00192,Rohan Bhakta,Home Office,Telangana,Darbhanga,2026-01-12
CUST00193,Kanav Lala,Consumer,Tamil Nadu,Phagwara,2022-02-26
CUST00194,Lagan Kadakia,Corporate,Punjab,Morbi,2025-08-07
CUST00195,Yashvi Ahuja,Consumer,Gujarat,Sirsa,2022-03-15
CUST00196,Chirag Salvi,Consumer,Tamil Nadu,Maheshtala,2025-04-09
CUST00197,Zeeshan Kar,Home Office,Uttar Pradesh,Delhi,2022-08-30
CUST00198,Nirvaan Subramaniam,Corporate,West Bengal,Panvel,2025-01-16
CUST00199,Siya Chaudry,Consumer,Rajasthan,Katni,2022-09-02
CUST00200,Adah Krishna,Corporate,West Bengal,Panipat,2025-10-12
CUST00201,Baiju Barad,Consumer,Gujarat,Kochi,2023-09-12
CUST00202,Divij Sharaf,Consumer,Tamil Nadu,Kollam,2024-12-30
CUST00203,Aradhya Ravi,Consumer,Uttar Pradesh,Aurangabad,2021-08-22
CUST00204,Indrajit Srivastava,Home Office,Rajasthan,Pune,2022-03-29
CUST00205,Dishani Baria,Home Office,West Bengal,Karnal,2026-02-01
CUST00206,Arnav Mall,Consumer,Maharashtra,Ahmedabad,2024-04-15
CUST00207,Ela Sathe,Home Office,Karnataka,Kharagpur,2021-06-04
CUST00208,Shlok Hegde,Home Office,West Bengal,Lucknow,2021-07-06
CUST00209,Diya Bera,Corporate,Punjab,Kota,2021-11-03
CUST00210,Reyansh Tank,Home Office,Karnataka,Kakinada,2024-05-26
CUST00211,Ayesha Sama,Corporate,Karnataka,Tumkur,2022-05-07
CUST00212,Kabir Brar,Consumer,Tamil Nadu,Kumbakonam,2022-07-05
CUST00213,Hrishita Dewan,Corporate,West Bengal,Mysore,2024-12-31
CUST00214,Ranbir Ahuja,Corporate,Delhi,Ulhasnagar,2024-09-26
CUST00215,Vardaniya Mani,Home Office,Delhi,Guntakal,2024-07-23
CUST00216,Ryan Tandon,Home Office,Maharashtra,Ichalkaranji,2024-01-28
CUST00217,Ahana  Bains,Corporate,Telangana,Proddatur,2024-09-19
CUST00218,Samaira Mahal,Corporate,Punjab,Ramagundam,2026-03-09
CUST00219,Darshit Rao,Home Office,Karnataka,Kamarhati,2025-11-21
CUST00220,Baiju Korpal,Consumer,Karnataka,Bijapur,2023-12-28
CUST00221,Nitya Ganguly,Consumer,Rajasthan,Ongole,2025-01-14
CUST00222,Aaina Lata,Consumer,Karnataka,Dhule,2025-12-04
CUST00223,Taran Chanda,Home Office,Gujarat,Nadiad,2021-08-21
CUST00224,Kanav Mandal,Corporate,Delhi,Amroha,2024-05-21
CUST00225,Dharmajan Golla,Corporate,Karnataka,Medininagar,2021-06-30
CUST00226,Khushi D’Alia,Home Office,Maharashtra,Aizawl,2024-06-29
CUST00227,Divyansh Tata,Corporate,West Bengal,Chandrapur,2023-05-16
CUST00228,Ahana  Jha,Corporate,Delhi,Serampore,2022-10-26
CUST00229,Alia Khanna,Consumer,Uttar Pradesh,Singrauli,2024-04-28
CUST00230,Divij Majumdar,Corporate,Tamil Nadu,Avadi,2021-09-17
CUST00231,Anaya Bhavsar,Consumer,Delhi,Sirsa,2024-12-12
CUST00232,Zeeshan Sanghvi,Consumer,Delhi,Ambattur,2021-09-07
CUST00233,Hunar Kara,Corporate,Gujarat,Latur,2023-08-03
CUST00234,Diya Jain,Corporate,Maharashtra,Mangalore,2026-01-26
CUST00235,Hazel Kale,Corporate,Gujarat,Jammu,2025-05-17
CUST00236,Armaan Edwin,Home Office,Telangana,Silchar,2026-02-18
CUST00237,Ojas Bhardwaj,Corporate,Telangana,Ahmedabad,2025-08-18
CUST00238,Riaan Ghose,Corporate,West Bengal,Lucknow,2022-02-11
CUST00239,Renee D’Alia,Consumer,Tamil Nadu,Ludhiana,2023-10-31
CUST00240,Shray Dara,Consumer,Punjab,Ahmednagar,2022-05-17
CUST00241,Neelofar Buch,Corporate,West Bengal,Thanjavur,2025-09-13
CUST00242,Taimur Ganesh,Consumer,Punjab,Bihar Sharif,2024-09-21
CUST00243,Miraan Dey,Corporate,Gujarat,Thrissur,2024-06-24
CUST00244,Mehul Sabharwal,Home Office,Gujarat,Bihar Sharif,2021-06-16
CUST00245,Ela Rege,Corporate,Punjab,Gangtok,2022-07-31
CUST00246,Baiju Choudhry,Home Office,Maharashtra,Korba,2023-03-31
CUST00247,Tushar Dara,Corporate,Punjab,Berhampore,2023-07-12
CUST00248,Aradhya Bandi,Consumer,Tamil Nadu,Panihati,2024-01-03
CUST00249,Aarav Handa,Consumer,Rajasthan,Mysore,2022-11-29
CUST00250,Tanya Mahajan,Consumer,Telangana,Malegaon,2023-05-03
CUST00251,Myra Date,Home Office,Delhi,South Dumdum,2025-02-25
CUST00252,Nayantara Raj,Corporate,Rajasthan,Bulandshahr,2023-05-09
CUST00253,Chirag Kaur,Consumer,Gujarat,Panipat,2021-06-27
CUST00254,Neysa Deep,Home Office,Gujarat,Kirari Suleman Nagar,2026-01-28
CUST00255,Anika Gola,Home Office,Maharashtra,Khandwa,2025-02-23
CUST00256,Sahil Hora,Home Office,Tamil Nadu,Tadepalligudem,2024-12-09
CUST00257,Piya Kibe,Home Office,Tamil Nadu,Haridwar,2025-11-03
CUST00258,Drishya Rajan,Home Office,Rajasthan,Katni,2023-04-26
CUST00259,Yashvi Gala,Corporate,Rajasthan,Kishanganj,2024-07-31
CUST00260,Anahita Vaidya,Home Office,Tamil Nadu,Mehsana,2024-01-11
CUST00261,Rohan Sem,Home Office,Karnataka,Muzaffarpur,2025-08-01
CUST00262,Jiya Gour,Consumer,Rajasthan,Bidhannagar,2024-08-04
CUST00263,Darshit Bedi,Home Office,Rajasthan,Amritsar,2021-12-10
CUST00264,Shray Samra,Home Office,Karnataka,Karimnagar,2022-06-02
CUST00265,Jayant Chanda,Home Office,Punjab,Kavali,2021-10-09
CUST00266,Tarini Gola,Corporate,Rajasthan,Vasai-Virar,2024-12-18
CUST00267,Indrajit Cherian,Home Office,West Bengal,Bahraich,2023-08-01
CUST00268,Shaan Dey,Corporate,Tamil Nadu,Ballia,2022-09-25
CUST00269,Hazel Suresh,Consumer,Rajasthan,Sasaram,2022-10-11
CUST00270,Nitya Gara,Home Office,Punjab,Kolkata,2024-06-27
CUST00271,Raunak Rajan,Home Office,Gujarat,Visakhapatnam,2024-02-12
CUST00272,Vedika Kala,Corporate,Uttar Pradesh,Gudivada,2021-10-30
CUST00273,Chirag Sarin,Corporate,Delhi,Ujjain,2022-11-08
CUST00274,Jhanvi De,Home Office,Uttar Pradesh,Sambalpur,2023-06-24
CUST00275,Rania Rattan,Home Office,Karnataka,Muzaffarnagar,2026-01-27
CUST00276,Kartik Chatterjee,Home Office,Maharashtra,Mehsana,2025-04-01
CUST00277,Yuvaan Sagar,Corporate,Telangana,Sambalpur,2022-10-14
CUST00278,Kabir Shah,Home Office,Punjab,Lucknow,2024-01-08
CUST00279,Rohan Desai,Corporate,Maharashtra,Bharatpur,2021-12-05
CUST00280,Bhavin Sangha,Consumer,Tamil Nadu,Guwahati,2026-02-01
CUST00281,Vivaan Amble,Consumer,Delhi,New Delhi,2023-05-22
CUST00282,Rhea Kadakia,Consumer,West Bengal,Pudukkottai,2022-01-16
CUST00283,Vedika Chhabra,Consumer,Delhi,Morbi,2022-05-20
CUST00284,Ryan Atwal,Corporate,Punjab,Madhyamgram,2021-06-21
CUST00285,Indrajit Kalita,Consumer,Uttar Pradesh,Unnao,2025-11-05
CUST00286,Lavanya Golla,Corporate,Punjab,Sri Ganganagar,2021-07-11
CUST00287,Anahi Banik,Consumer,Rajasthan,Madanapalle,2024-05-12
CUST00288,Jivika Srinivasan,Corporate,Rajasthan,Dehri,2023-03-21
CUST00289,Arnav Balan,Consumer,Karnataka,Nagaon,2024-10-29
CUST00290,Hansh Swaminathan,Home Office,West Bengal,Muzaffarpur,2023-05-26
CUST00291,Sahil Kota,Consumer,Rajasthan,Kottayam,2026-03-15
CUST00292,Zain Mangat,Consumer,Karnataka,Chandigarh,2025-04-27
CUST00293,Anahi Ray,Home Office,Telangana,Tadipatri,2023-01-21
CUST00294,Elakshi Iyer,Corporate,West Bengal,New Delhi,2022-11-02
CUST00295,Amani Chandran,Home Office,Delhi,Jalgaon,2023-06-03
CUST00296,Biju Bhandari,Consumer,Uttar Pradesh,Madurai,2023-07-12
CUST00297,Mohanlal Jani,Consumer,Uttar Pradesh,Kakinada,2022-03-09
CUST00298,Arhaan Jani,Home Office,Telangana,Jorhat,2022-01-06
CUST00299,Nayantara Randhawa,Home Office,Punjab,Lucknow,2023-10-15
CUST00300,Neelofar Mander,Corporate,Uttar Pradesh,Anantapur,2024-03-29
CUST00301,Neelofar Sane,Home Office,Telangana,Thrissur,2022-11-27
CUST00302,Baiju Loke,Corporate,Telangana,Pali,2022-02-01
CUST00303,Ela Suri,Corporate,Karnataka,Rajkot,2021-08-30
CUST00304,Alisha Dubey,Home Office,Uttar Pradesh,Ambala,2025-05-13
CUST00305,Misha Kannan,Corporate,Tamil Nadu,Serampore,2022-06-01
CUST00306,Hazel Baral,Consumer,Tamil Nadu,Raiganj,2026-04-04
CUST00307,Tiya Bains,Home Office,Uttar Pradesh,Ramagundam,2021-10-28
CUST00308,Saira Dua,Home Office,Delhi,Dhule,2024-09-10
CUST00309,Mohanlal Shere,Corporate,Uttar Pradesh,Vijayawada,2025-02-26
CUST00310,Aradhya Dutt,Consumer,Tamil Nadu,Jodhpur,2023-06-29
CUST00311,Ryan Kanda,Consumer,Tamil Nadu,Kottayam,2024-06-03
CUST00312,Abram Agarwal,Corporate,Gujarat,Madanapalle,2024-04-03
CUST00313,Misha Bhandari,Home Office,Maharashtra,Machilipatnam,2025-10-29
CUST00314,Ishita Venkatesh,Consumer,Karnataka,North Dumdum,2024-12-21
CUST00315,Chirag Loke,Consumer,Rajasthan,Cuttack,2021-09-02
CUST00316,Vaibhav Bobal,Home Office,Karnataka,Ahmedabad,2021-12-03
CUST00317,Abram Chopra,Home Office,Delhi,Sambalpur,2026-04-19
CUST00318,Advik Roy,Consumer,Rajasthan,Chandrapur,2021-11-01
CUST00319,Krish Verma,Corporate,Gujarat,Tumkur,2026-04-20
CUST00320,Jivin Kota,Home Office,Uttar Pradesh,Gangtok,2024-02-25
CUST00321,Pari Banerjee,Corporate,West Bengal,Loni,2025-12-28
CUST00322,Dishani Krishna,Consumer,Rajasthan,Hubli–Dharwad,2023-12-28
CUST00323,Veer Raju,Corporate,Punjab,Kakinada,2022-06-01
CUST00324,Yakshit Swamy,Home Office,West Bengal,Adoni,2024-04-19
CUST00325,Tarini Doctor,Home Office,Rajasthan,Rohtak,2021-12-19
CUST00326,Heer Raval,Corporate,West Bengal,Yamunanagar,2025-10-31
CUST00327,Damini Gupta,Corporate,Tamil Nadu,Chandigarh,2022-01-18
CUST00328,Anya Dugar,Corporate,Rajasthan,Jaipur,2024-06-19
CUST00329,Prisha Agarwal,Home Office,Telangana,Ahmednagar,2023-08-16
CUST00330,Lakshay Shan,Home Office,Delhi,Kochi,2021-08-25
CUST00331,Mohanlal Ahluwalia,Corporate,Delhi,Tadepalligudem,2021-06-15
CUST00332,Rania Chandran,Corporate,Rajasthan,Panihati,2023-12-31
CUST00333,Jayant Chatterjee,Corporate,West Bengal,Tiruchirappalli,2023-01-10
CUST00334,Ehsaan Gole,Corporate,Gujarat,Gudivada,2021-11-19
CUST00335,Pranay Bahri,Home Office,Rajasthan,Haldia,2021-05-26
CUST00336,Shalv Dhingra,Home Office,Karnataka,Anand,2024-07-29
CUST00337,Reyansh Verma,Corporate,Karnataka,Tiruppur,2022-10-19
CUST00338,Adah Jha,Home Office,Telangana,Madhyamgram,2023-05-07
CUST00339,Riaan Ramanathan,Consumer,Rajasthan,Bhiwandi,2022-08-12
CUST00340,Miraan Bhattacharyya,Home Office,Punjab,Berhampore,2026-04-09
CUST00341,Yashvi Dey,Home Office,West Bengal,Ramagundam,2022-06-25
CUST00342,Kabir Doctor,Consumer,Rajasthan,Uluberia,2025-05-20
CUST00343,Divyansh Cheema,Consumer,Uttar Pradesh,Korba,2021-09-23
CUST00344,Miraya Randhawa,Consumer,West Bengal,Nangloi Jat,2025-06-07
CUST00345,Aradhya Krishna,Corporate,Rajasthan,Ramagundam,2023-07-17
CUST00346,Aaryahi Kuruvilla,Corporate,Delhi,Pondicherry,2021-08-27
CUST00347,Lakshay Chahal,Corporate,Gujarat,Bhilai,2021-06-09
CUST00348,Eva Soman,Corporate,Rajasthan,Buxar,2025-05-19
CUST00349,Stuvan Som,Corporate,Rajasthan,Narasaraopet,2024-06-08
CUST00350,Seher Kaur,Corporate,Maharashtra,Akola,2025-09-13
CUST00351,Nehmat Chaudry,Corporate,West Bengal,Sonipat,2023-10-31
CUST00352,Nishith Ghose,Home Office,Telangana,Kottayam,2023-09-01
CUST00353,Fateh Verma,Consumer,Gujarat,Solapur,2021-08-28
CUST00354,Zeeshan Ramanathan,Consumer,Maharashtra,Deoghar,2024-02-17
CUST00355,Azad Mander,Home Office,West Bengal,Bhiwani,2024-10-08
CUST00356,Aaina Yohannan,Consumer,Delhi,Ranchi,2025-05-29
CUST00357,Samarth Basak,Consumer,West Bengal,Sambalpur,2021-09-05
CUST00358,Ishaan Chhabra,Home Office,Karnataka,Jalgaon,2024-06-29
CUST00359,Hazel Ghose,Consumer,Karnataka,Pali,2022-03-16
CUST00360,Shanaya Subramaniam,Corporate,Maharashtra,Gorakhpur,2025-11-11
CUST00361,Anahita Dugar,Home Office,Delhi,Adoni,2021-09-20
CUST00362,Aarna Lalla,Corporate,Tamil Nadu,Kottayam,2022-07-17
CUST00363,Ishita Magar,Corporate,Karnataka,Fatehpur,2025-12-21
CUST00364,Ayesha Setty,Home Office,Punjab,Morena,2024-08-31
CUST00365,Reyansh Bail,Home Office,Maharashtra,Sagar,2026-02-25
CUST00366,Alisha Lata,Consumer,Tamil Nadu,Noida,2021-08-22
CUST00367,Shalv Sama,Consumer,Punjab,Khandwa,2026-04-02
CUST00368,Anika Banik,Consumer,Tamil Nadu,Saharsa,2022-07-25
CUST00369,Zaina Dixit,Home Office,Rajasthan,Surat,2022-08-18
CUST00370,Saanvi Kulkarni,Corporate,Delhi,Durgapur,2023-09-16
CUST00371,Onkar Krishna,Consumer,Punjab,Moradabad,2025-03-17
CUST00372,Dhanush Zachariah,Home Office,Delhi,Orai,2024-11-16
CUST00373,Yuvaan Agarwal,Consumer,Tamil Nadu,Secunderabad,2024-04-25
CUST00374,Manikya Vala,Home Office,Punjab,Dhule,2024-12-03
CUST00375,Ranbir Das,Consumer,Punjab,Jaunpur,2026-01-11
CUST00376,Hansh Balakrishnan,Consumer,Gujarat,Faridabad,2022-03-02
CUST00377,Diya Tak,Home Office,Rajasthan,Vasai-Virar,2021-12-15
CUST00378,Trisha Chandra,Home Office,Gujarat,Dibrugarh,2022-11-28
CUST00379,Neysa Chatterjee,Consumer,Telangana,Warangal,2024-08-13
CUST00380,Ishaan Chauhan,Home Office,Gujarat,Madhyamgram,2024-01-31
CUST00381,Ryan Bumb,Consumer,Rajasthan,Raebareli,2022-08-24
CUST00382,Drishya Suri,Corporate,Maharashtra,Hospet,2022-06-27
CUST00383,Jayan Sodhi,Corporate,Gujarat,Nanded,2024-10-15
CUST00384,Vidur Bhattacharyya,Home Office,Uttar Pradesh,Bally,2024-11-14
CUST00385,Ivan Kohli,Home Office,Karnataka,Chennai,2023-12-25
CUST00386,Hridaan Jayaraman,Corporate,Karnataka,Asansol,2026-04-18
CUST00387,Manikya Sawhney,Home Office,Telangana,Morena,2025-08-22
CUST00388,Nitya Dani,Home Office,Tamil Nadu,Bellary,2025-12-20
CUST00389,Yakshit Jain,Home Office,Telangana,Morbi,2021-11-08
CUST00390,Suhana Wason,Corporate,Uttar Pradesh,Indore,2024-06-23
CUST00391,Nitya Sinha,Corporate,Punjab,Ambala,2023-03-21
CUST00392,Rohan Soni,Corporate,Gujarat,Bidhannagar,2022-12-05
CUST00393,Yashvi Sharma,Consumer,Maharashtra,Siwan,2025-02-11
CUST00394,Hansh Rama,Corporate,Uttar Pradesh,Mysore,2026-04-21
CUST00395,Dhruv Brar,Consumer,Uttar Pradesh,Saharanpur,2023-02-05
CUST00396,Mohanlal Bhalla,Home Office,Punjab,Jabalpur,2021-08-18
CUST00397,Pranay Balay,Home Office,Rajasthan,Khammam,2021-06-26
CUST00398,Zoya Soman,Corporate,West Bengal,Davanagere,2023-09-29
CUST00399,Shanaya Chakraborty,Corporate,Gujarat,Chandigarh,2024-08-07
CUST00400,Umang Wadhwa,Consumer,Uttar Pradesh,Etawah,2022-11-20
CUST00401,Jayan Kadakia,Consumer,Gujarat,Parbhani,2024-12-18
CUST00402,Badal Srivastava,Corporate,Gujarat,Bhind,2021-10-17
CUST00403,Shanaya Chada,Corporate,Punjab,Mumbai,2025-10-15
CUST00404,Piya Anne,Home Office,Tamil Nadu,Ballia,2024-08-06
CUST00405,Saira Sangha,Home Office,West Bengal,Shahjahanpur,2023-05-08
CUST00406,Zoya Basu,Home Office,Delhi,Shimoga,2023-05-26
CUST00407,Zeeshan Varty,Consumer,Delhi,Bharatpur,2025-05-15
CUST00408,Manjari Srivastava,Home Office,Rajasthan,Mehsana,2023-08-09
CUST00409,Fateh Sankar,Corporate,Telangana,Visakhapatnam,2024-06-07
CUST00410,Jivika Sinha,Consumer,Uttar Pradesh,Bahraich,2021-05-25
CUST00411,Miraan Banik,Home Office,Uttar Pradesh,Mahbubnagar,2024-10-24
CUST00412,Kiara Dar,Corporate,West Bengal,Bhalswa Jahangir Pur,2024-12-06
CUST00413,Shray Shere,Consumer,Tamil Nadu,Singrauli,2022-09-07
CUST00414,Samiha Kannan,Consumer,Rajasthan,Thane,2022-08-11
CUST00415,Kiaan Shankar,Home Office,Delhi,Unnao,2022-10-29
CUST00416,Shray Raju,Corporate,Punjab,Bhimavaram,2024-02-07
CUST00417,Rasha Barman,Corporate,Uttar Pradesh,Allahabad,2023-12-28
CUST00418,Nayantara Balan,Home Office,Telangana,Suryapet,2023-11-23
CUST00419,Shanaya Hayre,Corporate,Rajasthan,Rajahmundry,2024-12-20
CUST00420,Mahika Sant,Home Office,Telangana,Ajmer,2024-02-08
CUST00421,Adah Sha,Corporate,Gujarat,Kottayam,2025-04-18
CUST00422,Badal Wason,Home Office,Uttar Pradesh,Saharanpur,2021-11-04
CUST00423,Gatik Mahajan,Corporate,Tamil Nadu,Bally,2022-08-22
CUST00424,Zaina Dani,Corporate,Delhi,Tiruvottiyur,2023-07-08
CUST00425,Bhamini Issac,Consumer,Delhi,Dharmavaram,2021-09-14
CUST00426,Indrans Basu,Corporate,Maharashtra,Orai,2025-03-13
CUST00427,Drishya Tank,Home Office,Telangana,Hazaribagh,2023-11-20
CUST00428,Alisha Taneja,Home Office,Karnataka,Cuttack,2023-02-07
CUST00429,Shlok Mane,Consumer,Delhi,Morena,2026-04-24
CUST00430,Shalv Ramanathan,Home Office,Uttar Pradesh,Erode,2023-01-22
CUST00431,Mishti Varughese,Corporate,Punjab,Naihati,2022-05-05
CUST00432,Jhanvi Joshi,Home Office,Punjab,Secunderabad,2023-09-21
CUST00433,Bhavin Chaudhuri,Corporate,Maharashtra,Amroha,2025-03-21
CUST00434,Miraan Solanki,Consumer,Tamil Nadu,Berhampore,2023-06-08
CUST00435,Nitara Venkatesh,Consumer,Gujarat,Kirari Suleman Nagar,2023-08-16
CUST00436,Bhavin Dey,Consumer,Tamil Nadu,Satara,2023-07-29
CUST00437,Vaibhav Bose,Consumer,Telangana,Dindigul,2023-05-02
CUST00438,Damini Kala,Consumer,Tamil Nadu,Kolhapur,2023-02-26
CUST00439,Armaan Sarna,Consumer,West Bengal,Mumbai,2021-07-14
CUST00440,Jivika Agrawal,Home Office,Tamil Nadu,Junagadh,2022-03-29
CUST00441,Vaibhav Das,Home Office,Karnataka,Tinsukia,2025-09-16
CUST00442,Diya Deshpande,Home Office,Uttar Pradesh,Hosur,2024-03-21
CUST00443,Nitya Mannan,Consumer,West Bengal,Hapur,2021-12-27
CUST00444,Arhaan Buch,Home Office,Tamil Nadu,Deoghar,2025-08-01
CUST00445,Dishani Suri,Corporate,Uttar Pradesh,Aurangabad,2024-06-16
CUST00446,Prisha Sahota,Corporate,Gujarat,Sultan Pur Majra,2026-01-28
CUST00447,Pranay Date,Consumer,West Bengal,Sambalpur,2024-07-02
CUST00448,Baiju Sood,Corporate,Uttar Pradesh,Madurai,2024-06-13
CUST00449,Tejas Ganguly,Consumer,Maharashtra,Bihar Sharif,2024-01-22
CUST00450,Yakshit Golla,Corporate,Uttar Pradesh,Ranchi,2022-06-19
CUST00451,Arhaan Bobal,Consumer,Punjab,Raurkela Industrial Township,2021-06-07
CUST00452,Divij Sachdev,Home Office,West Bengal,Salem,2024-01-01
CUST00453,Samar Sridhar,Consumer,Karnataka,Kurnool,2026-01-05
CUST00454,Adira Yadav,Home Office,Tamil Nadu,Madurai,2024-04-28
CUST00455,Anvi Walia,Consumer,Delhi,Kolkata,2025-08-08
CUST00456,Urvi Sagar,Consumer,Telangana,Maheshtala,2024-09-30
CUST00457,Anahita Aggarwal,Corporate,Punjab,Avadi,2021-10-11
CUST00458,Neelofar Sant,Home Office,Punjab,Rajkot,2022-05-09
CUST00459,Biju Sule,Consumer,Telangana,Dehradun,2022-10-20
CUST00460,Eshani Arora,Corporate,Uttar Pradesh,Morena,2021-06-14
CUST00461,Ishita Mall,Corporate,Tamil Nadu,Morena,2022-01-19
CUST00462,Misha Rana,Home Office,Rajasthan,Pallavaram,2024-06-08
CUST00463,Dishani Kannan,Corporate,Punjab,Rajpur Sonarpur,2023-11-24
CUST00464,Vaibhav Gola,Home Office,West Bengal,Raurkela Industrial Township,2024-04-28
CUST00465,Elakshi Sachdeva,Home Office,Maharashtra,Machilipatnam,2023-07-22
CUST00466,Samiha Kade,Consumer,Delhi,Korba,2023-03-09
CUST00467,Rhea Venkatesh,Corporate,Maharashtra,Chandrapur,2024-10-15
CUST00468,Jayan Kala,Consumer,Delhi,Loni,2021-06-07
CUST00469,Yashvi Thakkar,Consumer,Telangana,Rewa,2023-03-09
CUST00470,Zaina Madan,Consumer,Karnataka,Berhampore,2022-02-20
CUST00471,Navya Reddy,Consumer,Rajasthan,Avadi,2023-04-15
CUST00472,Akarsh Rama,Corporate,Punjab,Darbhanga,2024-04-17
CUST00473,Prisha Madan,Corporate,Tamil Nadu,Raipur,2021-06-17
CUST00474,Ivan Dora,Consumer,Delhi,Salem,2022-08-04
CUST00475,Lakshay Cherian,Corporate,Tamil Nadu,Aligarh,2024-04-26
CUST00476,Advika Kalla,Home Office,Uttar Pradesh,Faridabad,2022-10-06
CUST00477,Anvi Singh,Consumer,Delhi,Cuttack,2023-11-28
CUST00478,Reyansh Varty,Corporate,Punjab,Alwar,2021-09-04
CUST00479,Zaina Balay,Home Office,Delhi,Tezpur,2022-09-01
CUST00480,Jayant Kannan,Corporate,Maharashtra,Suryapet,2023-10-15
CUST00481,Aaryahi Varma,Home Office,Delhi,Junagadh,2026-03-27
CUST00482,Urvi Wadhwa,Home Office,Karnataka,Ranchi,2026-01-13
CUST00483,Nehmat Ravi,Corporate,Karnataka,Noida,2021-06-25
CUST00484,Alisha Hari,Consumer,West Bengal,Bangalore,2024-10-21
CUST00485,Ryan Aggarwal,Consumer,Tamil Nadu,New Delhi,2022-07-23
CUST00486,Tejas Dada,Home Office,Punjab,Jaipur,2022-12-31
CUST00487,Anaya Sinha,Corporate,Uttar Pradesh,Bhusawal,2024-09-11
CUST00488,Trisha Comar,Consumer,Uttar Pradesh,Chinsurah,2025-03-07
CUST00489,Nishith Gokhale,Home Office,Tamil Nadu,Ambala,2023-06-07
CUST00490,Vihaan Khanna,Home Office,Rajasthan,Meerut,2025-11-09
CUST00491,Dishani Devan,Corporate,Telangana,Jammu,2022-04-15
CUST00492,Vihaan Bhat,Home Office,Uttar Pradesh,Hospet,2021-12-23
CUST00493,Advik Atwal,Corporate,Maharashtra,Solapur,2022-03-23
CUST00494,Zoya Grewal,Home Office,West Bengal,Gaya,2021-09-17
CUST00495,Alia Ray,Corporate,Gujarat,Kirari Suleman Nagar,2025-05-27
CUST00496,Darshit Bath,Home Office,Tamil Nadu,Sagar,2026-03-31
CUST00497,Chirag Dhingra,Consumer,Maharashtra,Pudukkottai,2024-11-19
CUST00498,Pihu Ghose,Consumer,Punjab,Gwalior,2023-01-16
CUST00499,Yashvi Bobal,Home Office,West Bengal,Udupi,2025-06-18
CUST00500,Parinaaz Dora,Home Office,Tamil Nadu,Thanjavur,2022-12-05
CUST00501,Mishti Wason,Home Office,West Bengal,Sultan Pur Majra,2024-10-23
CUST00502,Saksham Agarwal,Consumer,Uttar Pradesh,Gulbarga,2024-01-29
CUST00503,Armaan Korpal,Home Office,Uttar Pradesh,Fatehpur,2021-12-08
CUST00504,Ehsaan Rajan,Corporate,Karnataka,Gopalpur,2021-11-09
CUST00505,Inaaya  Singhal,Home Office,Rajasthan,Kozhikode,2024-01-15
CUST00506,Samiha Uppal,Home Office,Uttar Pradesh,Begusarai,2022-07-02
CUST00507,Prerak Raj,Consumer,Uttar Pradesh,Unnao,2025-01-24
CUST00508,Madhup Tank,Corporate,Rajasthan,Mathura,2022-04-13
CUST00509,Siya Kant,Corporate,Gujarat,Ongole,2025-08-25
CUST00510,Shlok Anne,Home Office,Maharashtra,Mathura,2026-01-11
CUST00511,Baiju Bakshi,Consumer,Gujarat,Guwahati,2022-10-31
CUST00512,Dishani Issac,Corporate,Uttar Pradesh,Sikar,2025-12-22
CUST00513,Chirag Sem,Corporate,Rajasthan,Guntakal,2022-07-28
CUST00514,Neysa Vasa,Home Office,West Bengal,Rajpur Sonarpur,2025-11-04
CUST00515,Dhanush Lad,Corporate,Maharashtra,Ratlam,2025-08-09
CUST00516,Diya Kant,Corporate,Tamil Nadu,Jorhat,2024-02-22
CUST00517,Aaryahi Deo,Corporate,Maharashtra,Mumbai,2021-07-22
CUST00518,Purab Kumer,Corporate,Telangana,Mumbai,2026-04-26
CUST00519,Advika Jain,Consumer,Telangana,Kochi,2026-02-11
CUST00520,Zaina Ramachandran,Corporate,Rajasthan,Anand,2021-11-29
CUST00521,Hazel Lad,Consumer,Delhi,Raichur,2022-02-06
CUST00522,Hansh Wable,Home Office,Gujarat,Amritsar,2023-01-29
CUST00523,Madhav Korpal,Home Office,Uttar Pradesh,Kalyan-Dombivli,2025-01-06
CUST00524,Gatik Samra,Home Office,Uttar Pradesh,Kanpur,2022-05-01
CUST00525,Nayantara Solanki,Consumer,Delhi,Varanasi,2021-08-31
CUST00526,Dishani Saini,Corporate,Telangana,Mira-Bhayandar,2024-02-11
CUST00527,Dhanuk Wali,Consumer,Tamil Nadu,Dewas,2023-07-13
CUST00528,Zara Venkataraman,Corporate,Uttar Pradesh,Akola,2022-02-02
CUST00529,Aaina Mani,Consumer,West Bengal,Haldia,2024-04-24
CUST00530,Madhup Jain,Home Office,Punjab,Pimpri-Chinchwad,2025-09-14
CUST00531,Khushi Shanker,Consumer,Karnataka,Amravati,2026-05-12
CUST00532,Nakul Sarna,Corporate,Telangana,Aurangabad,2021-08-17
CUST00533,Vedika Thakkar,Consumer,Telangana,Dindigul,2023-11-30
CUST00534,Fateh Sood,Corporate,Maharashtra,Kolkata,2023-07-29
CUST00535,Arhaan Rana,Consumer,Maharashtra,Allahabad,2023-12-15
CUST00536,Prisha Choudhary,Corporate,Maharashtra,Bhubaneswar,2023-12-17
CUST00537,Baiju Mane,Home Office,Karnataka,Jamnagar,2025-02-18
CUST00538,Kavya Balasubramanian,Corporate,Tamil Nadu,Eluru,2026-04-15
CUST00539,Ira Sura,Home Office,Tamil Nadu,Khammam,2021-12-08
CUST00540,Shlok Borra,Corporate,Uttar Pradesh,Agartala,2022-06-08
CUST00541,Mohanlal Deshpande,Corporate,Delhi,Bhagalpur,2022-12-19
CUST00542,Gatik Gade,Corporate,Telangana,Hosur,2021-10-02
CUST00543,Siya Swaminathan,Consumer,Rajasthan,Tenali,2023-11-20
CUST00544,Dhanuk Srinivasan,Consumer,Punjab,Tiruchirappalli,2024-09-29
CUST00545,Ritvik Sarma,Home Office,Karnataka,Raurkela Industrial Township,2023-08-20
CUST00546,Stuvan Sampath,Consumer,Tamil Nadu,Kakinada,2024-04-28
CUST00547,Oorja Chana,Corporate,Gujarat,Bathinda,2022-11-29
CUST00548,Neysa Bhattacharyya,Home Office,Tamil Nadu,Asansol,2026-05-14
CUST00549,Divyansh Loyal,Consumer,Tamil Nadu,Amravati,2025-06-21
CUST00550,Alia Amble,Home Office,Tamil Nadu,Avadi,2024-04-05
CUST00551,Jayant Kant,Home Office,Punjab,Mango,2023-01-27
CUST00552,Ivan De,Home Office,Uttar Pradesh,Dehri,2023-01-07
CUST00553,Aarav Chahal,Consumer,Uttar Pradesh,Jhansi,2025-01-28
CUST00554,Manjari Rege,Home Office,Uttar Pradesh,Gopalpur,2022-07-29
CUST00555,Raunak Salvi,Corporate,Gujarat,Gurgaon,2025-04-25
CUST00556,Lakshay Ahluwalia,Home Office,Telangana,Durg,2023-12-16
CUST00557,Himmat Sibal,Corporate,Uttar Pradesh,Guntakal,2022-08-11
CUST00558,Badal Shan,Corporate,Delhi,Raurkela Industrial Township,2022-11-13
CUST00559,Jayant Savant,Home Office,Delhi,Panipat,2021-09-30
CUST00560,Pari Wali,Home Office,Rajasthan,Vadodara,2023-05-14
CUST00561,Nirvaan Balan,Consumer,Rajasthan,Jehanabad,2024-10-31
CUST00562,Neelofar Ramesh,Consumer,Gujarat,Bathinda,2025-06-09
CUST00563,Samarth Sem,Home Office,Uttar Pradesh,Purnia,2025-10-18
CUST00564,Adah Chana,Home Office,Rajasthan,Thiruvananthapuram,2023-04-17
CUST00565,Kaira Dugal,Corporate,Karnataka,Bidar,2023-03-26
CUST00566,Rati Lalla,Corporate,West Bengal,Mau,2022-04-21
CUST00567,Zain Sridhar,Consumer,Telangana,Yamunanagar,2022-02-17
CUST00568,Raghav Sani,Home Office,Gujarat,Haridwar,2024-11-21
CUST00569,Shamik Bassi,Consumer,Uttar Pradesh,Agra,2026-01-29
CUST00570,Nakul Suri,Consumer,Telangana,Howrah,2025-03-01
CUST00571,Vivaan Gill,Corporate,West Bengal,Dhule,2023-10-12
CUST00572,Shayak Brahmbhatt,Home Office,Karnataka,Hosur,2025-10-15
CUST00573,Pranay Wali,Corporate,Karnataka,Varanasi,2022-08-05
CUST00574,Pranay Choudhary,Consumer,Uttar Pradesh,Raichur,2022-06-23
CUST00575,Eva Hayre,Corporate,Gujarat,Kakinada,2024-04-10
CUST00576,Dhruv Amble,Home Office,Rajasthan,Alwar,2023-03-08
CUST00577,Kashvi Issac,Home Office,Maharashtra,Thanjavur,2024-06-19
CUST00578,Aaina Kothari,Corporate,Telangana,Malegaon,2025-05-04
CUST00579,Ehsaan Wadhwa,Corporate,Gujarat,Karawal Nagar,2024-03-01
CUST00580,Kanav Wason,Home Office,Uttar Pradesh,Saharanpur,2023-01-08
CUST00581,Ehsaan Raju,Home Office,West Bengal,Durgapur,2023-06-13
CUST00582,Nayantara Krishna,Home Office,Maharashtra,Kollam,2025-04-12
CUST00583,Lakshit Swaminathan,Consumer,Tamil Nadu,Erode,2022-04-30
CUST00584,Aayush Borah,Consumer,Maharashtra,Deoghar,2022-04-24
CUST00585,Dishani Sampath,Corporate,Maharashtra,Fatehpur,2025-08-20
CUST00586,Purab Anne,Home Office,Maharashtra,Allahabad,2022-05-15
CUST00587,Mohanlal Venkataraman,Corporate,Karnataka,Gopalpur,2024-10-24
CUST00588,Raunak Amble,Home Office,Tamil Nadu,Darbhanga,2025-08-27
CUST00589,Manjari Dutt,Consumer,West Bengal,Kanpur,2025-11-23
CUST00590,Stuvan Sheth,Corporate,West Bengal,Kozhikode,2023-04-22
CUST00591,Aayush Hans,Corporate,Gujarat,Sambalpur,2026-02-17
CUST00592,Shlok Mann,Corporate,Rajasthan,Nagpur,2026-03-10
CUST00593,Faiyaz Bumb,Consumer,Delhi,Bidar,2021-09-04
CUST00594,Heer Barman,Home Office,Rajasthan,Amravati,2023-01-31
CUST00595,Tanya Andra,Home Office,Karnataka,Amravati,2021-09-09
CUST00596,Taran Bandi,Consumer,Karnataka,Panipat,2021-08-26
CUST00597,Nitya Shankar,Consumer,Punjab,Mau,2023-11-12
CUST00598,Advik Garg,Corporate,Punjab,Khandwa,2026-01-11
CUST00599,Ojas Chandra,Home Office,Delhi,Mira-Bhayandar,2022-07-31
CUST00600,Taran Wali,Corporate,Punjab,Proddatur,2023-08-09
CUST00601,Bhavin Kalita,Consumer,Delhi,Surat,2026-02-17
CUST00602,Mannat Deol,Corporate,Tamil Nadu,Begusarai,2022-07-23
CUST00603,Ivan Bajaj,Corporate,Tamil Nadu,Patiala,2023-08-06
CUST00604,Nakul Khalsa,Home Office,West Bengal,Chandrapur,2025-11-02
CUST00605,Advika Sengupta,Corporate,Tamil Nadu,Orai,2021-09-27
CUST00606,Himmat Master,Home Office,Telangana,Agartala,2023-04-22
CUST00607,Darshit Tripathi,Consumer,Maharashtra,Phusro,2022-02-18
CUST00608,Prerak Shere,Corporate,Gujarat,Sikar,2024-01-04
CUST00609,Divyansh Sheth,Home Office,Tamil Nadu,Bidhannagar,2025-10-29
CUST00610,Yasmin Badal,Home Office,Rajasthan,Shimla,2022-08-24
CUST00611,Aradhya Warrior,Home Office,Tamil Nadu,Mehsana,2023-05-13
CUST00612,Khushi Thaker,Corporate,Tamil Nadu,Motihari,2025-02-06
CUST00613,Pihu Mann,Consumer,Rajasthan,Kirari Suleman Nagar,2025-05-18
CUST00614,Adira Bhatti,Corporate,Maharashtra,Malegaon,2024-04-08
CUST00615,Nitara Garde,Consumer,Rajasthan,Amaravati,2024-05-17
CUST00616,Elakshi Kota,Home Office,Gujarat,Anantapuram,2023-07-15
CUST00617,Zara Das,Home Office,Tamil Nadu,Asansol,2025-12-28
CUST00618,Nitya Badami,Home Office,Tamil Nadu,Farrukhabad,2022-10-08
CUST00619,Kiaan Manda,Consumer,Rajasthan,Jorhat,2024-03-17
CUST00620,Taran Barad,Corporate,West Bengal,New Delhi,2023-01-15
CUST00621,Madhav Verma,Home Office,West Bengal,Panihati,2024-08-27
CUST00622,Ayesha Venkataraman,Home Office,Uttar Pradesh,Dindigul,2023-08-09
CUST00623,Yuvaan Tata,Corporate,Delhi,Pondicherry,2021-07-30
CUST00624,Shamik Batta,Home Office,Gujarat,Thoothukudi,2023-09-04
CUST00625,Hansh Bava,Consumer,Delhi,Junagadh,2023-09-11
CUST00626,Dishani Dada,Home Office,Tamil Nadu,Nadiad,2026-04-22
CUST00627,Riaan Kant,Home Office,Karnataka,Aligarh,2026-01-13
CUST00628,Sahil Dhawan,Home Office,Maharashtra,Orai,2022-04-05
CUST00629,Eva Bir,Home Office,West Bengal,Dharmavaram,2023-03-23
CUST00630,Bhavin Sahota,Corporate,Uttar Pradesh,Proddatur,2022-03-30
CUST00631,Anvi Goel,Consumer,Punjab,Pune,2021-12-21
CUST00632,Misha Karnik,Corporate,Karnataka,Ulhasnagar,2022-11-21
CUST00633,Veer Suri,Consumer,Tamil Nadu,Burhanpur,2024-08-20
CUST00634,Vanya Dhillon,Corporate,Rajasthan,New Delhi,2026-01-23
CUST00635,Seher Som,Consumer,Delhi,Unnao,2024-06-25
CUST00636,Kartik Bhasin,Consumer,Telangana,Visakhapatnam,2021-08-02
CUST00637,Navya Dixit,Corporate,Telangana,Jodhpur,2023-07-15
CUST00638,Miraya Ganguly,Home Office,Tamil Nadu,Morena,2021-07-19
CUST00639,Sana Ramachandran,Consumer,Tamil Nadu,Hajipur,2024-08-20
CUST00640,Madhav Tripathi,Corporate,Tamil Nadu,Pune,2024-11-16
CUST00641,Bhamini Khare,Home Office,Gujarat,Bhopal,2024-10-13
CUST00642,Pari Babu,Consumer,Uttar Pradesh,Bhalswa Jahangir Pur,2026-02-15
CUST00643,Jhanvi Borde,Consumer,Karnataka,Nangloi Jat,2024-07-11
CUST00644,Lavanya Raja,Consumer,Rajasthan,Mangalore,2024-05-22
CUST00645,Prisha Jain,Home Office,Gujarat,Panihati,2024-04-20
CUST00646,Gatik Bahl,Consumer,Rajasthan,Amritsar,2024-07-18
CUST00647,Vardaniya Mander,Consumer,Tamil Nadu,Rewa,2022-04-10
CUST00648,Himmat De,Home Office,Maharashtra,Hosur,2024-06-17
CUST00649,Veer Srinivas,Corporate,Gujarat,Dewas,2025-06-11
CUST00650,Eshani Basak,Home Office,Tamil Nadu,Surat,2025-10-29
CUST00651,Seher Bali,Home Office,Rajasthan,Vadodara,2023-11-08
CUST00652,Shamik Ray,Home Office,Gujarat,Machilipatnam,2021-07-01
CUST00653,Raghav Kapoor,Consumer,Delhi,Siwan,2026-01-01
CUST00654,Indranil Devan,Corporate,West Bengal,Patna,2022-06-18
CUST00655,Indrans Chaudhry,Home Office,Telangana,Kishanganj,2025-12-14
CUST00656,Kaira Dutta,Corporate,Punjab,Jamnagar,2023-09-23
CUST00657,Advik Handa,Consumer,Maharashtra,Asansol,2024-08-28
CUST00658,Aayush Dora,Home Office,Uttar Pradesh,Siwan,2024-02-08
CUST00659,Ranbir Shetty,Home Office,Tamil Nadu,Sangli-Miraj & Kupwad,2023-08-17
CUST00660,Ayesha Balay,Home Office,Rajasthan,Berhampur,2023-04-04
CUST00661,Neelofar Konda,Consumer,Karnataka,Raichur,2023-05-23
CUST00662,Miraan Lad,Consumer,West Bengal,Bidhannagar,2022-11-12
CUST00663,Ahana  Sane,Corporate,Uttar Pradesh,Ballia,2022-04-01
CUST00664,Bhavin Sastry,Consumer,Maharashtra,Pudukkottai,2022-02-25
CUST00665,Parinaaz Srinivasan,Consumer,Telangana,Ichalkaranji,2025-07-14
CUST00666,Madhup Ramachandran,Consumer,Rajasthan,Bangalore,2022-05-07
CUST00667,Ivana Rao,Corporate,Gujarat,Adoni,2022-05-23
CUST00668,Manjari Varma,Home Office,Telangana,Phagwara,2022-01-17
CUST00669,Ishaan Hari,Corporate,Punjab,Aligarh,2025-02-16
CUST00670,Gokul Konda,Home Office,Karnataka,Jodhpur,2024-10-02
CUST00671,Kashvi Raja,Corporate,Maharashtra,Ludhiana,2025-07-01
CUST00672,Lakshit Dave,Corporate,Punjab,Berhampur,2024-12-23
CUST00673,Farhan Sarna,Corporate,Tamil Nadu,Tiruchirappalli,2021-10-12
CUST00674,Amani Bobal,Consumer,Gujarat,Satna,2021-09-01
CUST00675,Shayak Balay,Consumer,Uttar Pradesh,Sagar,2022-03-24
CUST00676,Yashvi Khare,Corporate,Delhi,Bhusawal,2023-08-12
CUST00677,Hazel Kapoor,Corporate,Maharashtra,Noida,2021-06-07
CUST00678,Dhruv Ramesh,Home Office,Gujarat,Chandrapur,2023-11-18
CUST00679,Emir Wable,Home Office,Gujarat,Alwar,2026-05-02
CUST00680,Nayantara Hegde,Consumer,Rajasthan,Belgaum,2023-01-28
CUST00681,Samar Borah,Corporate,Delhi,Begusarai,2025-12-13
CUST00682,Divij Badami,Consumer,Uttar Pradesh,Ujjain,2021-11-14
CUST00683,Anahita Char,Consumer,Delhi,Ramgarh,2023-10-02
CUST00684,Ehsaan Chacko,Home Office,Punjab,Ludhiana,2025-05-10
CUST00685,Ishita Kala,Consumer,West Bengal,Erode,2021-07-19
CUST00686,Samiha Karpe,Corporate,Delhi,Chandigarh,2025-11-29
CUST00687,Nitya Gole,Consumer,Punjab,Baranagar,2023-07-10
CUST00688,Aradhya Bhandari,Consumer,Maharashtra,Salem,2021-05-28
CUST00689,Kiaan Bhatt,Home Office,Delhi,Ahmednagar,2024-11-20
CUST00690,Armaan Mannan,Home Office,Delhi,Ahmedabad,2022-01-15
CUST00691,Alia Krish,Consumer,Gujarat,Rajpur Sonarpur,2025-05-27
CUST00692,Adira Wason,Consumer,Punjab,Bhiwandi,2024-12-12
CUST00693,Heer Kibe,Consumer,Tamil Nadu,Pali,2023-07-01
CUST00694,Drishya Wadhwa,Consumer,Karnataka,Kochi,2023-03-01
CUST00695,Shray Amble,Home Office,Tamil Nadu,Rajahmundry,2025-04-12
CUST00696,Romil Wason,Consumer,Maharashtra,Tiruppur,2026-02-16
CUST00697,Alia Kuruvilla,Home Office,West Bengal,Bulandshahr,2021-12-26
CUST00698,Zara Sridhar,Consumer,West Bengal,Noida,2022-06-14
CUST00699,Mohanlal Ray,Corporate,Delhi,Nandyal,2024-05-16
CUST00700,Shamik Soman,Home Office,Gujarat,Bulandshahr,2025-10-26
CUST00701,Advik Vig,Consumer,Karnataka,Khammam,2025-10-06
CUST00702,Nirvi Mann,Corporate,West Bengal,Madanapalle,2023-05-29
CUST00703,Alia Sane,Consumer,Rajasthan,Bangalore,2023-04-27
CUST00704,Riaan Chahal,Home Office,Maharashtra,Thrissur,2026-05-06
CUST00705,Anya Bora,Home Office,Maharashtra,Delhi,2021-05-20
CUST00706,Saanvi Kalita,Corporate,Uttar Pradesh,Saharanpur,2022-11-18
CUST00707,Nitara Dhar,Corporate,Telangana,Mahbubnagar,2024-09-30
CUST00708,Ira Rajagopal,Home Office,Maharashtra,Raurkela Industrial Township,2026-04-01
CUST00709,Neelofar Swamy,Corporate,Telangana,Ulhasnagar,2024-10-31
CUST00710,Sana Roy,Consumer,Punjab,Gandhidham,2026-03-30
CUST00711,Saira Mahal,Consumer,Telangana,Saharsa,2021-08-15
CUST00712,Sahil Bera,Corporate,Uttar Pradesh,Kozhikode,2021-12-31
CUST00713,Stuvan Walia,Home Office,West Bengal,Tirunelveli,2021-08-26
CUST00714,Vaibhav Grewal,Consumer,Uttar Pradesh,Karaikudi,2024-02-12
CUST00715,Samiha Thakur,Corporate,Rajasthan,Bellary,2023-06-29
CUST00716,Hiran Shere,Home Office,Maharashtra,Chittoor,2026-05-12
CUST00717,Seher Majumdar,Corporate,Uttar Pradesh,Belgaum,2024-11-27
CUST00718,Nishith Kala,Consumer,Maharashtra,Jamshedpur,2024-10-22
CUST00719,Samaira Garde,Corporate,Punjab,Panipat,2022-12-26
CUST00720,Kiaan Chaudry,Consumer,Maharashtra,Hospet,2026-03-15
CUST00721,Kabir Mannan,Consumer,Tamil Nadu,Kumbakonam,2024-11-12
CUST00722,Shray Barad,Home Office,Punjab,Bardhaman,2025-07-28
CUST00723,Dhanush Shenoy,Home Office,Gujarat,Tinsukia,2022-09-21
CUST00724,Alia Vohra,Corporate,Punjab,Tirupati,2026-04-22
CUST00725,Mahika Bawa,Home Office,Tamil Nadu,Chandigarh,2021-12-02
CUST00726,Anika Chana,Corporate,Telangana,Kumbakonam,2021-07-12
CUST00727,Dishani Gade,Home Office,Rajasthan,Ramagundam,2021-08-28
CUST00728,Abram Baral,Consumer,Maharashtra,Bhagalpur,2022-02-13
CUST00729,Tanya Dasgupta,Home Office,Telangana,Bhimavaram,2022-02-17
CUST00730,Ayesha Thaker,Home Office,Delhi,Hyderabad,2021-06-10
CUST00731,Zoya Kara,Corporate,Uttar Pradesh,Udaipur,2022-04-25
CUST00732,Rania Reddy,Consumer,Rajasthan,Singrauli,2025-08-12
CUST00733,Sahil Divan,Corporate,Uttar Pradesh,Durgapur,2025-01-09
CUST00734,Diya Kapoor,Corporate,Rajasthan,Bareilly,2021-06-15
CUST00735,Prerak Ramaswamy,Home Office,Maharashtra,Kollam,2025-05-11
CUST00736,Aradhya Kalla,Corporate,Rajasthan,Mehsana,2022-07-16
CUST00737,Ishita Dada,Corporate,Tamil Nadu,Bathinda,2021-06-04
CUST00738,Kimaya Barad,Corporate,Karnataka,Firozabad,2023-11-24
CUST00739,Devansh Garde,Home Office,Uttar Pradesh,Aligarh,2024-02-11
CUST00740,Uthkarsh Baria,Consumer,Maharashtra,Jhansi,2025-08-11
CUST00741,Suhana Chopra,Consumer,Maharashtra,Satna,2023-06-19
CUST00742,Ira Kapadia,Corporate,Maharashtra,Ambarnath,2021-10-10
CUST00743,Ishaan Setty,Home Office,Gujarat,Tumkur,2022-08-30
CUST00744,Vedika Zacharia,Consumer,Telangana,Visakhapatnam,2024-05-28
CUST00745,Yuvraj  Bhalla,Consumer,Punjab,Tirupati,2025-02-02
CUST00746,Shayak Vyas,Home Office,Telangana,Nagpur,2025-10-04
CUST00747,Jivin Bhatti,Corporate,Maharashtra,Bangalore,2024-04-23
CUST00748,Shanaya Korpal,Corporate,Gujarat,Jehanabad,2023-06-29
CUST00749,Navya Mahal,Home Office,Rajasthan,Amaravati,2024-05-27
CUST00750,Kashvi Kale,Home Office,West Bengal,Ramgarh,2024-06-22
CUST00751,Mishti Sha,Corporate,Punjab,Unnao,2025-10-02
CUST00752,Lagan Sarna,Corporate,Gujarat,Farrukhabad,2024-02-08
CUST00753,Mohanlal Iyer,Consumer,Punjab,Sambhal,2025-02-12
CUST00754,Azad Bhat,Home Office,Delhi,Sambalpur,2025-03-16
CUST00755,Tushar Bajwa,Consumer,Uttar Pradesh,Hazaribagh,2024-01-04
CUST00756,Nitara Raju,Consumer,Maharashtra,Bihar Sharif,2022-08-29
CUST00757,Samarth Brahmbhatt,Corporate,Telangana,Haldia,2025-07-24
CUST00758,Ritvik Butala,Corporate,Maharashtra,Amroha,2022-09-18
CUST00759,Faiyaz Sachdeva,Corporate,Punjab,Ballia,2022-02-04
CUST00760,Alisha Agarwal,Consumer,Rajasthan,Dindigul,2023-07-01
CUST00761,Dharmajan Bhattacharyya,Home Office,Punjab,Patna,2023-04-14
CUST00762,Siya Amble,Home Office,Telangana,Muzaffarpur,2024-08-23
CUST00763,Shayak Sem,Consumer,Punjab,Gangtok,2025-12-06
CUST00764,Yuvraj  Deshpande,Home Office,Tamil Nadu,Srinagar,2025-07-31
CUST00765,Divyansh Suresh,Consumer,Karnataka,Jammu,2022-01-29
CUST00766,Keya Vig,Corporate,Tamil Nadu,Siwan,2023-02-11
CUST00767,Kartik Chadha,Corporate,Gujarat,Chandrapur,2022-12-15
CUST00768,Vritika Gara,Consumer,Karnataka,Jamnagar,2026-01-10
CUST00769,Mahika Badal,Consumer,Punjab,Jaunpur,2025-12-14
CUST00770,Rasha Aggarwal,Home Office,Rajasthan,Miryalaguda,2023-04-29
CUST00771,Damini Tak,Consumer,Karnataka,Ghaziabad,2024-10-07
CUST00772,Bhamini Kumar,Home Office,West Bengal,Tinsukia,2025-01-14
CUST00773,Uthkarsh Hegde,Consumer,Telangana,Miryalaguda,2022-11-04
CUST00774,Renee Kala,Consumer,Rajasthan,New Delhi,2024-01-11
CUST00775,Rhea Lad,Corporate,Uttar Pradesh,Coimbatore,2021-11-13
CUST00776,Tejas Soman,Corporate,Karnataka,Ghaziabad,2025-09-27
CUST00777,Ishita Rege,Corporate,Tamil Nadu,Kavali,2024-07-11
CUST00778,Vihaan Ramaswamy,Home Office,Gujarat,Asansol,2022-02-26
CUST00779,Mannat Madan,Home Office,Punjab,Serampore,2024-12-01
CUST00780,Zara Yogi,Consumer,West Bengal,Bhubaneswar,2025-09-09
CUST00781,Elakshi Gole,Consumer,Karnataka,Guntur,2021-06-10
CUST00782,Advika Bandi,Home Office,West Bengal,Eluru,2022-05-20
CUST00783,Tarini Kumar,Home Office,Maharashtra,Satna,2023-11-22
CUST00784,Jhanvi Iyer,Corporate,Uttar Pradesh,Ahmedabad,2022-07-01
CUST00785,Armaan Mahajan,Home Office,Rajasthan,Aligarh,2025-04-01
CUST00786,Mannat Lala,Corporate,Punjab,Tinsukia,2026-01-15
CUST00787,Aarna Thakur,Corporate,Rajasthan,Shivpuri,2021-09-10
CUST00788,Kiaan Rattan,Corporate,Delhi,Madanapalle,2025-06-27
CUST00789,Keya Ray,Home Office,Maharashtra,Etawah,2021-06-29
CUST00790,Bhavin Borra,Corporate,Rajasthan,Warangal,2023-05-21
CUST00791,Mamooty Dey,Consumer,Tamil Nadu,Vellore,2023-03-26
CUST00792,Pari Karan,Home Office,Punjab,Howrah,2022-12-12
CUST00793,Neysa Behl,Corporate,Telangana,Malegaon,2021-12-23
CUST00794,Tiya Saha,Home Office,Tamil Nadu,Amritsar,2023-09-27
CUST00795,Divit Mander,Consumer,Delhi,Tezpur,2024-08-05
CUST00796,Sahil Dara,Corporate,Punjab,Guwahati,2021-05-25
CUST00797,Alisha Buch,Consumer,West Bengal,Thoothukudi,2022-07-29
CUST00798,Samar Sridhar,Consumer,Tamil Nadu,Kalyan-Dombivli,2025-09-12
CUST00799,Kashvi Kibe,Consumer,Karnataka,Panihati,2022-06-09
CUST00800,Akarsh Srinivas,Corporate,Tamil Nadu,Mahbubnagar,2024-03-19
CUST00801,Hansh Bhatti,Corporate,Maharashtra,Kalyan-Dombivli,2023-11-09
CUST00802,Azad Kapadia,Consumer,Uttar Pradesh,Durg,2025-02-16
CUST00803,Ela Khatri,Home Office,Rajasthan,Alwar,2022-09-19
CUST00804,Zain Shere,Consumer,Karnataka,Gopalpur,2021-12-01
CUST00805,Shray Shroff,Corporate,Telangana,Giridih,2021-11-01
CUST00806,Vanya Shankar,Home Office,Delhi,Meerut,2024-03-16
CUST00807,Suhana Dua,Home Office,Telangana,Machilipatnam,2024-09-21
CUST00808,Ayesha Desai,Home Office,Gujarat,Orai,2023-08-08
CUST00809,Sumer Barman,Consumer,Rajasthan,Nashik,2025-01-10
CUST00810,Romil Bhasin,Home Office,West Bengal,Bihar Sharif,2026-04-29
CUST00811,Madhup Bhakta,Corporate,West Bengal,Kharagpur,2024-04-01
CUST00812,Tejas Swaminathan,Corporate,Maharashtra,Moradabad,2025-02-21
CUST00813,Parinaaz Ranganathan,Corporate,Punjab,Barasat,2023-07-05
CUST00814,Rasha Dutt,Corporate,Punjab,Satna,2025-02-06
CUST00815,Tarini Andra,Corporate,Rajasthan,Chandigarh,2022-05-10
CUST00816,Jayan Khurana,Corporate,Maharashtra,Hindupur,2025-03-09
CUST00817,Miraan Kari,Corporate,West Bengal,Gandhidham,2022-07-27
CUST00818,Jhanvi Dutt,Corporate,Karnataka,Dhule,2021-11-15
CUST00819,Adah Rattan,Home Office,Uttar Pradesh,Alwar,2024-03-25
CUST00820,Shanaya Mahal,Home Office,Gujarat,Navi Mumbai,2021-11-04
CUST00821,Darshit Varghese,Consumer,Rajasthan,Surendranagar Dudhrej,2025-01-24
CUST00822,Amani Luthra,Consumer,Delhi,Mumbai,2022-03-10
CUST00823,Pihu Dar,Corporate,Punjab,Junagadh,2024-04-23
CUST00824,Hrishita Vohra,Corporate,Telangana,Katihar,2025-08-17
CUST00825,Yuvaan Setty,Consumer,Rajasthan,Barasat,2021-06-14
CUST00826,Ojas Ghosh,Corporate,Gujarat,Bhatpara,2026-04-30
CUST00827,Madhup Bhatt,Consumer,Gujarat,Katihar,2021-06-07
CUST00828,Sana Kar,Consumer,Maharashtra,Bongaigaon,2025-12-03
CUST00829,Jayesh Dua,Home Office,Maharashtra,Jehanabad,2024-06-19
CUST00830,Sahil Tak,Home Office,Telangana,Bareilly,2023-01-21
CUST00831,Vaibhav Tak,Consumer,Gujarat,Vadodara,2024-07-06
CUST00832,Divit Bal,Corporate,Karnataka,Lucknow,2023-12-05
CUST00833,Yasmin Sama,Consumer,Maharashtra,Gulbarga,2025-03-23
CUST00834,Nitara Rastogi,Consumer,Tamil Nadu,Parbhani,2023-10-04
CUST00835,Nishith Varty,Consumer,Karnataka,Morbi,2025-07-17
CUST00836,Urvi Gopal,Home Office,Karnataka,Tezpur,2022-11-16
CUST00837,Ishita Swaminathan,Home Office,Maharashtra,Kalyan-Dombivli,2022-07-19
CUST00838,Rhea Dhawan,Consumer,Uttar Pradesh,Guntakal,2024-07-03
CUST00839,Nehmat Ramaswamy,Corporate,Punjab,Nandyal,2022-08-16
CUST00840,Ehsaan Sidhu,Home Office,Uttar Pradesh,Ratlam,2025-01-23
CUST00841,Jayan Shenoy,Home Office,Punjab,Vijayawada,2025-09-29
CUST00842,Gokul Mall,Home Office,Punjab,Aurangabad,2026-04-13
CUST00843,Inaaya  Verma,Corporate,Gujarat,Bidar,2026-02-04
CUST00844,Adah Mall,Consumer,Uttar Pradesh,Guntakal,2025-05-27
CUST00845,Anaya Sen,Consumer,Uttar Pradesh,Hazaribagh,2024-01-17
CUST00846,Kabir Kakar,Corporate,Tamil Nadu,Serampore,2024-12-11
CUST00847,Emir Seth,Corporate,Punjab,Dhule,2024-02-06
CUST00848,Hunar Das,Consumer,Gujarat,Guntur,2022-03-03
CUST00849,Hunar Dixit,Home Office,Maharashtra,Alappuzha,2024-01-28
CUST00850,Prerak Kant,Corporate,Uttar Pradesh,Asansol,2021-09-18
CUST00851,Hansh Sami,Corporate,West Bengal,Thoothukudi,2023-08-28
CUST00852,Ishita Chaudhary,Consumer,Gujarat,Nashik,2021-10-22
CUST00853,Taran Dugal,Corporate,Maharashtra,Buxar,2021-09-06
CUST00854,Vaibhav Bhatt,Home Office,Maharashtra,Barasat,2023-07-23
CUST00855,Ojas De,Home Office,Punjab,Firozabad,2024-04-08
CUST00856,Kimaya Dey,Home Office,Rajasthan,Malegaon,2022-09-12
CUST00857,Diya Raman,Corporate,Punjab,Sagar,2022-06-15
CUST00858,Arhaan Shan,Home Office,West Bengal,Korba,2021-10-01
CUST00859,Nehmat Varty,Corporate,Punjab,Kottayam,2025-02-11
CUST00860,Miraya Viswanathan,Home Office,Delhi,Vijayanagaram,2023-02-02
CUST00861,Mishti Loyal,Corporate,Punjab,Mysore,2024-06-12
CUST00862,Urvi Kala,Corporate,Telangana,Avadi,2026-02-28
CUST00863,Shayak Toor,Consumer,West Bengal,Shimla,2023-02-18
CUST00864,Aarna Rau,Corporate,Maharashtra,Bhavnagar,2025-08-25
CUST00865,Mannat Chaudhuri,Corporate,Maharashtra,Gandhinagar,2025-12-14
CUST00866,Vihaan Sangha,Home Office,Karnataka,Chandigarh,2025-05-28
CUST00867,Prisha Thakur,Consumer,Delhi,Jorhat,2024-02-23
CUST00868,Fateh Grover,Home Office,Uttar Pradesh,Machilipatnam,2022-09-16
CUST00869,Indrans Bose,Corporate,Telangana,Ratlam,2025-11-08
CUST00870,Jhanvi Suri,Home Office,Punjab,Rohtak,2022-05-17
CUST00871,Aarush Konda,Consumer,Gujarat,Nandyal,2021-07-23
CUST00872,Siya Zachariah,Corporate,Tamil Nadu,Malda,2024-04-19
CUST00873,Baiju Bhargava,Corporate,Rajasthan,Raiganj,2025-02-14
CUST00874,Anaya Krishnan,Corporate,Punjab,Ludhiana,2022-01-19
CUST00875,Azad Dutta,Consumer,Gujarat,Kumbakonam,2024-05-04
CUST00876,Ishita Kala,Consumer,Gujarat,Phagwara,2022-05-29
CUST00877,Pari Arora,Consumer,Telangana,Kurnool,2023-03-11
CUST00878,Badal Bala,Home Office,Rajasthan,Rajpur Sonarpur,2023-08-18
CUST00879,Armaan Balay,Corporate,Tamil Nadu,Ahmedabad,2022-11-04
CUST00880,Samaira Bora,Home Office,Punjab,Darbhanga,2022-07-23
CUST00881,Jiya Jha,Consumer,Gujarat,Phusro,2022-03-25
CUST00882,Nitya Sampath,Consumer,Punjab,Tiruchirappalli,2025-01-17
CUST00883,Jayan Madan,Home Office,Karnataka,Allahabad,2023-07-28
CUST00884,Vidur Rama,Corporate,Tamil Nadu,Nadiad,2021-07-26
CUST00885,Vanya Din,Home Office,Rajasthan,Karimnagar,2022-04-20
CUST00886,Charvi Sachdeva,Consumer,Punjab,Ambarnath,2022-11-17
CUST00887,Ira Anne,Home Office,Maharashtra,Nellore,2023-08-03
CUST00888,Aaina Sodhi,Corporate,Telangana,Raiganj,2023-10-09
CUST00889,Manjari Bahl,Corporate,Gujarat,Yamunanagar,2023-12-12
CUST00890,Biju Chacko,Consumer,Telangana,Mehsana,2024-12-07
CUST00891,Eva Ramanathan,Consumer,Rajasthan,Bongaigaon,2025-11-10
CUST00892,Aarush Ramakrishnan,Home Office,Gujarat,Noida,2025-07-12
CUST00893,Mamooty Sodhi,Consumer,Gujarat,Tumkur,2026-04-11
CUST00894,Shaan Dutt,Corporate,Karnataka,Thrissur,2024-04-18
CUST00895,Prisha Reddy,Consumer,Gujarat,Pimpri-Chinchwad,2021-09-22
CUST00896,Jhanvi Verma,Corporate,Delhi,Pali,2025-05-19
CUST00897,Vardaniya Balasubramanian,Consumer,Karnataka,Surat,2021-06-30
CUST00898,Nitya Sani,Consumer,Maharashtra,Hosur,2022-06-03
CUST00899,Ahana  Jaggi,Corporate,Maharashtra,Burhanpur,2025-04-06
CUST00900,Baiju Sant,Home Office,Telangana,Varanasi,2021-07-22
CUST00901,Riaan Issac,Home Office,Telangana,Bongaigaon,2025-11-22
CUST00902,Anaya Ratti,Consumer,Gujarat,Gaya,2023-06-09
CUST00903,Jhanvi Bhat,Home Office,Karnataka,Aizawl,2025-03-18
CUST00904,Anya Mann,Home Office,Rajasthan,Secunderabad,2021-10-01
CUST00905,Madhav Banik,Consumer,Karnataka,Jamalpur,2022-12-11
CUST00906,Shalv Vig,Consumer,Punjab,Orai,2022-07-29
CUST00907,Piya Chander,Consumer,Uttar Pradesh,Tenali,2024-11-29
CUST00908,Aarush Kara,Consumer,Rajasthan,Kota,2025-09-22
CUST00909,Aaryahi Badal,Corporate,Delhi,Bally,2024-06-25
CUST00910,Miraya Dua,Corporate,Punjab,Katni,2022-03-31
CUST00911,Shalv Dara,Corporate,Uttar Pradesh,Haridwar,2023-02-20
CUST00912,Uthkarsh Maharaj,Consumer,Telangana,Mumbai,2024-04-08
CUST00913,Kartik Majumdar,Consumer,Tamil Nadu,New Delhi,2025-10-25
CUST00914,Prerak Khurana,Corporate,Delhi,Junagadh,2024-04-02
CUST00915,Veer Rajagopalan,Corporate,Punjab,Srikakulam,2022-03-13
CUST00916,Bhamini Badami,Corporate,Uttar Pradesh,Raurkela Industrial Township,2021-06-12
CUST00917,Fateh Kothari,Corporate,Rajasthan,Katihar,2024-11-16
CUST00918,Ojas Banerjee,Home Office,Telangana,Bellary,2023-04-05
CUST00919,Ishaan Datta,Corporate,Karnataka,Anantapur,2026-04-07
CUST00920,Samaira Bajwa,Consumer,Punjab,Kamarhati,2025-01-18
CUST00921,Umang Sawhney,Consumer,Tamil Nadu,Gandhidham,2025-05-23
CUST00922,Prerak Srinivas,Consumer,Uttar Pradesh,Muzaffarnagar,2022-04-19
CUST00923,Anay Chandra,Corporate,Telangana,Bhopal,2024-06-21
CUST00924,Ishaan D’Alia,Consumer,Telangana,Dindigul,2023-09-06
CUST00925,Zoya Sharaf,Consumer,Tamil Nadu,Morbi,2025-05-20
CUST00926,Parinaaz Kuruvilla,Consumer,Karnataka,Bangalore,2023-09-20
CUST00927,Ehsaan Handa,Corporate,Uttar Pradesh,Bikaner,2021-07-25
CUST00928,Mannat Dugar,Home Office,Karnataka,Deoghar,2026-04-01
CUST00929,Yashvi Kapur,Corporate,Maharashtra,Jorhat,2023-05-17
CUST00930,Mannat Bala,Consumer,Uttar Pradesh,Hubli–Dharwad,2021-06-03
CUST00931,Rohan Keer,Corporate,West Bengal,Thoothukudi,2024-05-06
CUST00932,Chirag Shetty,Corporate,West Bengal,Mau,2023-02-06
CUST00933,Khushi Lanka,Corporate,Telangana,Khandwa,2022-04-05
CUST00934,Vivaan Hayer,Corporate,Delhi,Chapra,2022-06-19
CUST00935,Advik Sama,Corporate,Maharashtra,Maheshtala,2021-07-07
CUST00936,Ishita Walia,Corporate,Delhi,Kolhapur,2025-06-16
CUST00937,Anahi Varghese,Consumer,Gujarat,Aizawl,2022-08-09
CUST00938,Adah Hegde,Consumer,Gujarat,Kozhikode,2024-12-21
CUST00939,Pari Korpal,Consumer,Karnataka,Nashik,2024-12-17
CUST00940,Eshani Dora,Consumer,Tamil Nadu,Adoni,2024-02-08
CUST00941,Rasha Dugar,Corporate,Karnataka,Tirupati,2025-04-25
CUST00942,Aarav Bhatia,Home Office,Uttar Pradesh,Erode,2025-11-08
CUST00943,Jhanvi Mall,Corporate,Punjab,Gandhidham,2021-12-03
CUST00944,Trisha Chaudhari,Consumer,Maharashtra,Vasai-Virar,2023-08-28
CUST00945,Dharmajan Koshy,Consumer,Tamil Nadu,Hyderabad,2025-12-20
CUST00946,Shanaya Kar,Consumer,Karnataka,Sonipat,2022-09-25
CUST00947,Taran Ramaswamy,Home Office,Punjab,Srikakulam,2024-12-13
CUST00948,Nirvi Sachdev,Home Office,Rajasthan,Pune,2022-07-31
CUST00949,Gokul Sankaran,Consumer,Tamil Nadu,Bhiwani,2022-07-16
CUST00950,Aayush Krishnan,Consumer,Tamil Nadu,Jehanabad,2025-06-06
CUST00951,Vaibhav Dutt,Consumer,West Bengal,Ghaziabad,2021-12-18
CUST00952,Hunar Char,Consumer,Rajasthan,Miryalaguda,2021-08-18
CUST00953,Ivan Uppal,Home Office,Punjab,Thane,2025-07-24
CUST00954,Dhanuk Kalita,Corporate,Maharashtra,Sambalpur,2025-12-09
CUST00955,Anika Shetty,Consumer,Uttar Pradesh,Burhanpur,2025-01-05
CUST00956,Indrajit Bansal,Home Office,Telangana,Pimpri-Chinchwad,2021-06-03
CUST00957,Mishti Varghese,Consumer,Telangana,Vasai-Virar,2026-03-22
CUST00958,Rohan Shah,Home Office,Delhi,Jaunpur,2021-09-30
CUST00959,Divij Shetty,Home Office,Karnataka,Kulti,2022-11-22
CUST00960,Nirvaan Raval,Corporate,Rajasthan,Junagadh,2024-10-24
CUST00961,Ishaan Sachdeva,Consumer,Punjab,Bhubaneswar,2025-04-06
CUST00962,Oorja Tripathi,Corporate,Delhi,Dewas,2024-01-11
CUST00963,Vardaniya Ghosh,Home Office,Rajasthan,Buxar,2024-11-19
CUST00964,Nehmat Manda,Consumer,Maharashtra,Begusarai,2025-01-21
CUST00965,Anaya Varty,Home Office,Gujarat,Bally,2026-04-05
CUST00966,Kartik Walla,Consumer,Telangana,Bihar Sharif,2024-12-12
CUST00967,Hansh Bhatti,Home Office,Telangana,Malegaon,2024-09-07
CUST00968,Kiaan Sachdev,Home Office,Telangana,Sagar,2023-01-25
CUST00969,Zain Sem,Consumer,Rajasthan,Srinagar,2025-09-03
CUST00970,Hazel Varma,Corporate,West Bengal,Arrah,2024-06-20
CUST00971,Sana Rattan,Home Office,Rajasthan,Ludhiana,2023-03-16
CUST00972,Yashvi Khurana,Corporate,Tamil Nadu,Begusarai,2024-03-15
CUST00973,Mishti Raval,Home Office,West Bengal,Faridabad,2024-01-21
CUST00974,Anay Johal,Corporate,Maharashtra,Hapur,2022-07-18
CUST00975,Vidur Basak,Corporate,Delhi,Kishanganj,2024-01-11
CUST00976,Ivana Bala,Home Office,Maharashtra,Aligarh,2026-04-20
CUST00977,Raunak Hari,Home Office,Gujarat,Adoni,2024-02-03
CUST00978,Nakul Tella,Consumer,West Bengal,Khandwa,2025-01-14
CUST00979,Jayant Chacko,Corporate,Telangana,Rajahmundry,2021-07-14
CUST00980,Khushi Chhabra,Corporate,Karnataka,Satna,2021-05-25
CUST00981,Rhea Kadakia,Home Office,Uttar Pradesh,Raebareli,2023-09-23
CUST00982,Nehmat Dara,Home Office,Uttar Pradesh,Chennai,2022-09-09
CUST00983,Zara Chadha,Home Office,Karnataka,Morena,2024-02-20
CUST00984,Hunar Borra,Consumer,Maharashtra,Anand,2025-10-15
CUST00985,Samaira Walia,Home Office,Uttar Pradesh,Satara,2022-09-05
CUST00986,Madhup Sur,Consumer,Tamil Nadu,Mysore,2021-10-20
CUST00987,Madhav Badami,Consumer,West Bengal,Dhule,2023-11-19
CUST00988,Anahi Sane,Consumer,West Bengal,Ghaziabad,2022-12-24
CUST00989,Anvi Rama,Corporate,Tamil Nadu,Ratlam,2023-10-02
CUST00990,Nakul Raja,Home Office,Rajasthan,Jaunpur,2023-11-08
CUST00991,Manikya Sahni,Home Office,Uttar Pradesh,Kota,2024-07-27
CUST00992,Alisha Dhaliwal,Corporate,West Bengal,Amaravati,2026-01-10
CUST00993,Saanvi Dutta,Home Office,Delhi,Ongole,2022-01-28
CUST00994,Trisha Raja,Corporate,Gujarat,Junagadh,2022-02-15
CUST00995,Jiya Devi,Consumer,Gujarat,Gandhidham,2024-03-15
CUST00996,Kavya Lal,Corporate,Maharashtra,Sonipat,2023-03-29
CUST00997,Mamooty Doctor,Corporate,Rajasthan,Baranagar,2023-03-21
CUST00998,Keya Dalal,Corporate,Uttar Pradesh,Ambattur,2022-05-18
CUST00999,Oorja Baral,Corporate,Gujarat,Baranagar,2023-03-02
CUST01000,Bhavin Shankar,Consumer,Uttar Pradesh,Raichur,2021-05-30
CUST01001,Yuvraj  Baral,Home Office,Uttar Pradesh,New Delhi,2025-09-16
CUST01002,Sumer Vohra,Corporate,Telangana,Satara,2025-05-24
CUST01003,Diya Chad,Corporate,Maharashtra,Kochi,2023-05-04
CUST01004,Dhanush Gaba,Home Office,Rajasthan,New Delhi,2023-12-03
CUST01005,Parinaaz Dutta,Consumer,Rajasthan,Ramagundam,2023-09-12
CUST01006,Ahana  Balay,Home Office,Karnataka,Rajkot,2022-08-12
CUST01007,Hunar Sem,Home Office,Tamil Nadu,Agartala,2021-12-29
CUST01008,Oorja Bassi,Corporate,Maharashtra,Hyderabad,2023-11-24
CUST01009,Vivaan Bhatnagar,Consumer,Gujarat,Ballia,2021-11-30
CUST01010,Shaan Kumar,Home Office,Tamil Nadu,Begusarai,2025-04-10
CUST01011,Himmat Luthra,Corporate,Uttar Pradesh,Jehanabad,2022-02-12
CUST01012,Indrajit Sinha,Home Office,Rajasthan,Sirsa,2025-10-16
CUST01013,Samar Desai,Consumer,Uttar Pradesh,Chandrapur,2024-12-29
CUST01014,Neelofar Varma,Corporate,Uttar Pradesh,Karawal Nagar,2024-09-30
CUST01015,Jiya Dhingra,Consumer,Gujarat,Purnia,2026-04-08
CUST01016,Chirag Salvi,Home Office,Rajasthan,Miryalaguda,2023-09-20
CUST01017,Parinaaz Shan,Corporate,West Bengal,Ambarnath,2023-04-05
CUST01018,Jayan Dar,Consumer,Rajasthan,Aligarh,2022-06-22
CUST01019,Keya Chadha,Corporate,Telangana,North Dumdum,2021-12-21
CUST01020,Rohan Tailor,Home Office,Karnataka,Tadepalligudem,2022-01-22
CUST01021,Diya Khare,Consumer,Karnataka,Darbhanga,2025-11-23
CUST01022,Anaya Sen,Home Office,Uttar Pradesh,Tenali,2024-11-18
CUST01023,Azad Mahal,Consumer,Karnataka,Chinsurah,2021-08-21
CUST01024,Ela Borra,Consumer,Delhi,Mahbubnagar,2024-01-07
CUST01025,Zaina Gara,Home Office,Gujarat,Ghaziabad,2021-05-23
CUST01026,Vihaan Agrawal,Corporate,Rajasthan,Ichalkaranji,2024-09-14
CUST01027,Kismat Luthra,Home Office,West Bengal,Vijayawada,2022-06-26
CUST01028,Badal Tella,Home Office,Karnataka,Purnia,2023-09-24
CUST01029,Aniruddh Tak,Home Office,Uttar Pradesh,Aurangabad,2021-05-29
CUST01030,Lagan Bhakta,Corporate,Gujarat,Delhi,2026-04-11
CUST01031,Biju Wadhwa,Corporate,Maharashtra,Chandrapur,2023-01-05
CUST01032,Hrishita Ahluwalia,Home Office,Karnataka,Purnia,2023-06-25
CUST01033,Dharmajan Agarwal,Home Office,Gujarat,Mumbai,2023-04-14
CUST01034,Sumer Jhaveri,Corporate,Gujarat,Chennai,2026-01-10
CUST01035,Mehul Buch,Home Office,Tamil Nadu,Bathinda,2023-06-10
CUST01036,Yasmin Kamdar,Consumer,Maharashtra,Yamunanagar,2023-05-20
CUST01037,Hrishita Dhawan,Consumer,Karnataka,Bhalswa Jahangir Pur,2025-02-11
CUST01038,Riaan Rana,Corporate,Telangana,Bokaro,2024-10-25
CUST01039,Shalv Shetty,Corporate,Telangana,Fatehpur,2025-03-03
CUST01040,Indrajit Ramanathan,Consumer,Tamil Nadu,Bellary,2025-08-04
CUST01041,Samiha Gera,Corporate,Uttar Pradesh,Mysore,2026-01-06
CUST01042,Sahil Bhatnagar,Consumer,Punjab,Nellore,2021-06-14
CUST01043,Tejas Raman,Corporate,Uttar Pradesh,Belgaum,2023-01-20
CUST01044,Vedika Loyal,Consumer,Maharashtra,Pudukkottai,2023-04-03
CUST01045,Tara Kade,Consumer,Maharashtra,Chandigarh,2026-01-28
CUST01046,Shlok Kata,Corporate,Karnataka,Bulandshahr,2025-09-07
CUST01047,Divij Anne,Home Office,Uttar Pradesh,Ratlam,2024-07-26
CUST01048,Baiju Devi,Consumer,Gujarat,Farrukhabad,2024-08-05
CUST01049,Advika Kota,Home Office,Gujarat,Salem,2024-02-17
CUST01050,Vaibhav Dixit,Home Office,Maharashtra,Amravati,2022-10-11
CUST01051,Aarna Doctor,Home Office,Telangana,Secunderabad,2023-09-16
CUST01052,Oorja Vora,Corporate,Tamil Nadu,Firozabad,2022-03-26
CUST01053,Taran Gole,Consumer,Karnataka,Gudivada,2021-06-05
CUST01054,Azad Sem,Corporate,Telangana,Karnal,2025-10-24
CUST01055,Arhaan Gala,Consumer,Maharashtra,Amroha,2026-01-19
CUST01056,Aarav Saran,Consumer,Karnataka,Gorakhpur,2022-09-15
CUST01057,Devansh Hegde,Consumer,Uttar Pradesh,Kishanganj,2021-12-11
CUST01058,Nirvi Kalla,Consumer,Gujarat,Bangalore,2024-07-15
CUST01059,Anahita Sathe,Home Office,Punjab,Karaikudi,2024-09-09
CUST01060,Taimur Korpal,Corporate,Uttar Pradesh,Pondicherry,2021-12-07
CUST01061,Lakshay Zachariah,Home Office,Karnataka,Guna,2022-10-04
CUST01062,Faiyaz Wali,Home Office,Maharashtra,Secunderabad,2025-01-26
CUST01063,Aradhya Reddy,Consumer,Tamil Nadu,Kollam,2021-11-19
CUST01064,Tejas Barad,Corporate,Uttar Pradesh,Nangloi Jat,2025-09-12
CUST01065,Saksham Rajan,Home Office,Rajasthan,Satara,2023-08-11
CUST01066,Kabir Keer,Corporate,Punjab,Amaravati,2022-05-27
CUST01067,Jayant Ramaswamy,Consumer,Karnataka,Parbhani,2021-10-16
CUST01068,Hazel Basak,Corporate,Maharashtra,Bareilly,2024-06-04
CUST01069,Shanaya Bhatnagar,Corporate,Uttar Pradesh,Raebareli,2025-08-18
CUST01070,Suhana Kaur,Home Office,Telangana,Kozhikode,2026-02-05
CUST01071,Ivan Sachdeva,Corporate,Karnataka,Raipur,2025-10-16
CUST01072,Zara Manda,Home Office,Punjab,Ghaziabad,2021-07-25
CUST01073,Aayush Walla,Consumer,Karnataka,South Dumdum,2025-02-15
CUST01074,Devansh Sundaram,Corporate,Telangana,Shahjahanpur,2026-05-01
CUST01075,Tejas Ratti,Consumer,Maharashtra,Rajahmundry,2026-02-18
CUST01076,Yashvi Balasubramanian,Home Office,Karnataka,Nadiad,2022-04-28
CUST01077,Vihaan Ravi,Corporate,Karnataka,Bidar,2022-08-06
CUST01078,Lakshay Singhal,Consumer,Gujarat,Bhind,2024-12-27
CUST01079,Kashvi Arya,Home Office,Delhi,Ongole,2025-05-04
CUST01080,Prerak Karpe,Corporate,Telangana,Hindupur,2023-10-22
CUST01081,Kashvi Tella,Corporate,Maharashtra,Ludhiana,2022-05-18
CUST01082,Mehul Chauhan,Corporate,Delhi,Aurangabad,2021-05-22
CUST01083,Shanaya Ranganathan,Home Office,Telangana,Thoothukudi,2024-10-30
CUST01084,Nakul Bhasin,Corporate,Karnataka,Hindupur,2023-09-13
CUST01085,Prisha Mangat,Home Office,Tamil Nadu,Dindigul,2022-03-12
CUST01086,Shaan Keer,Home Office,Telangana,Bhiwani,2024-02-28
CUST01087,Lakshay Venkataraman,Consumer,Telangana,Gwalior,2023-11-22
CUST01088,Sara Kari,Home Office,Karnataka,Bhopal,2021-06-16
CUST01089,Amani Chatterjee,Home Office,Punjab,Rourkela,2021-12-17
CUST01090,Aradhya Comar,Consumer,Karnataka,Ambattur,2024-04-03
CUST01091,Vanya Boase,Home Office,Punjab,Gorakhpur,2026-01-24
CUST01092,Drishya Bajwa,Home Office,Punjab,Kishanganj,2023-02-11
CUST01093,Pranay Gupta,Corporate,Punjab,Ambala,2021-09-29
CUST01094,Miraan Luthra,Consumer,West Bengal,Hindupur,2025-02-13
CUST01095,Ishita Kar,Consumer,West Bengal,Delhi,2025-09-24
CUST01096,Hrishita Ganesh,Home Office,Punjab,Jodhpur,2024-11-20
CUST01097,Rohan Shenoy,Corporate,Delhi,Lucknow,2022-04-21
CUST01098,Zara Barad,Home Office,Rajasthan,Hapur,2022-05-02
CUST01099,Uthkarsh Dyal,Home Office,West Bengal,Tinsukia,2023-05-08
CUST01100,Elakshi Dar,Corporate,Telangana,Delhi,2022-02-16
CUST01101,Saanvi Tripathi,Corporate,Tamil Nadu,Machilipatnam,2024-10-11
CUST01102,Rati Sagar,Corporate,Delhi,Surat,2024-11-17
CUST01103,Oorja Chanda,Home Office,Rajasthan,Vadodara,2023-05-11
CUST01104,Jayesh Batra,Corporate,Uttar Pradesh,Dehri,2025-11-11
CUST01105,Baiju Gade,Consumer,West Bengal,Raurkela Industrial Township,2024-04-25
CUST01106,Hiran Ramanathan,Consumer,Uttar Pradesh,Delhi,2025-04-12
CUST01107,Himmat Cherian,Corporate,Uttar Pradesh,Bhopal,2022-11-14
CUST01108,Mahika Bhandari,Corporate,Delhi,Begusarai,2023-02-06
CUST01109,Anika Suresh,Corporate,Punjab,Ajmer,2023-12-27
CUST01110,Vihaan Kata,Consumer,Gujarat,Amroha,2024-01-09
CUST01111,Baiju Reddy,Home Office,Gujarat,Bhind,2024-02-17
CUST01112,Pihu Tailor,Home Office,Gujarat,Ichalkaranji,2025-08-03
CUST01113,Pihu Behl,Corporate,Karnataka,Bikaner,2021-07-03
CUST01114,Raunak Luthra,Corporate,Telangana,Pudukkottai,2026-04-30
CUST01115,Suhana Manne,Home Office,Maharashtra,Narasaraopet,2021-09-08
CUST01116,Priyansh Shah,Corporate,Delhi,Jehanabad,2023-08-18
CUST01117,Gokul Lata,Corporate,Maharashtra,Surendranagar Dudhrej,2026-02-17
CUST01118,Kiaan Mahal,Corporate,Uttar Pradesh,Jalgaon,2025-05-08
CUST01119,Aaina Bava,Consumer,Karnataka,Bhiwandi,2021-11-12
CUST01120,Bhamini Sathe,Consumer,West Bengal,Alwar,2022-08-08
CUST01121,Jayesh Gola,Corporate,Rajasthan,Jamshedpur,2024-11-09
CUST01122,Yasmin Bahl,Home Office,Rajasthan,Nagpur,2023-04-10
CUST01123,Pihu Atwal,Consumer,Karnataka,Madurai,2024-02-21
CUST01124,Saanvi Sekhon,Corporate,Punjab,Ludhiana,2023-12-14
CUST01125,Indranil Srivastava,Home Office,Gujarat,Hospet,2025-07-21
CUST01126,Faiyaz Aurora,Consumer,Karnataka,Anantapur,2024-01-09
CUST01127,Amira Vyas,Corporate,Telangana,Singrauli,2024-08-09
CUST01128,Yashvi Srinivasan,Corporate,Uttar Pradesh,Motihari,2024-07-19
CUST01129,Shray Sane,Corporate,Uttar Pradesh,Agartala,2021-11-22
CUST01130,Renee Agrawal,Consumer,Maharashtra,Siliguri,2022-06-13
CUST01131,Lakshit Basak,Corporate,Telangana,Dehradun,2023-03-30
CUST01132,Parinaaz Bhalla,Corporate,Delhi,Bidhannagar,2024-04-24
CUST01133,Veer Loke,Consumer,Punjab,Shimla,2024-09-20
CUST01134,Zoya Sachar,Corporate,West Bengal,Korba,2025-11-29
CUST01135,Vardaniya Ramesh,Consumer,Tamil Nadu,Shimla,2024-07-19
CUST01136,Raunak Sagar,Corporate,Punjab,Howrah,2024-08-05
CUST01137,Zaina Deep,Home Office,Uttar Pradesh,Bhilai,2024-07-25
CUST01138,Urvi Magar,Corporate,Telangana,Hyderabad,2023-06-29
CUST01139,Hansh Kapadia,Consumer,Maharashtra,South Dumdum,2021-10-02
CUST01140,Hridaan Bhagat,Corporate,Karnataka,Medininagar,2022-01-11
CUST01141,Ranbir Borde,Corporate,Gujarat,Berhampore,2024-02-08
CUST01142,Akarsh Ranganathan,Corporate,Gujarat,Korba,2025-02-22
CUST01143,Renee Thakur,Consumer,Rajasthan,Naihati,2022-11-07
CUST01144,Jiya Kunda,Consumer,Punjab,Sri Ganganagar,2022-10-05
CUST01145,Arnav Korpal,Home Office,Delhi,Loni,2023-02-12
CUST01146,Zaina Dutta,Corporate,Telangana,Srikakulam,2022-08-02
CUST01147,Miraan Swaminathan,Corporate,Maharashtra,Kochi,2025-07-08
CUST01148,Siya Manne,Corporate,Telangana,Muzaffarpur,2025-05-05
CUST01149,Yuvraj  Ghosh,Corporate,Telangana,Avadi,2023-05-21
CUST01150,Seher Varughese,Corporate,Punjab,Dharmavaram,2024-04-07
CUST01151,Lakshit Chaudhary,Home Office,Punjab,Sagar,2023-04-10
CUST01152,Amira Randhawa,Consumer,Karnataka,Tezpur,2022-06-15
CUST01153,Urvi Goel,Consumer,Rajasthan,Solapur,2025-09-09
CUST01154,Anaya Dey,Corporate,Gujarat,Ongole,2023-01-20
CUST01155,Priyansh Sethi,Home Office,Gujarat,Katni,2022-07-20
CUST01156,Navya Tripathi,Consumer,Delhi,Raichur,2025-02-20
CUST01157,Riya Ray,Home Office,Telangana,Nellore,2021-10-10
CUST01158,Purab Raju,Corporate,Telangana,Dehri,2023-08-15
CUST01159,Indranil Sharaf,Consumer,West Bengal,Berhampore,2022-10-20
CUST01160,Rohan Sen,Consumer,Karnataka,Katihar,2022-09-20
CUST01161,Elakshi Tata,Home Office,Gujarat,Malda,2026-04-28
CUST01162,Eshani Bath,Corporate,Telangana,Baranagar,2026-05-03
CUST01163,Jayesh Salvi,Corporate,Karnataka,Morena,2023-12-02
CUST01164,Shanaya Devi,Home Office,Telangana,Shimla,2026-04-19
CUST01165,Charvi Soni,Consumer,Gujarat,Tiruppur,2024-10-19
CUST01166,Kiaan Halder,Home Office,Gujarat,Bhagalpur,2022-11-13
CUST01167,Darshit Ravel,Consumer,Rajasthan,Srinagar,2023-06-16
CUST01168,Tushar Dhar,Home Office,Tamil Nadu,Secunderabad,2025-07-06
CUST01169,Yakshit Karpe,Home Office,Gujarat,Firozabad,2026-03-02
CUST01170,Akarsh Chaudhuri,Home Office,Telangana,Motihari,2025-09-21
CUST01171,Kismat Mand,Home Office,Uttar Pradesh,Sagar,2025-01-06
CUST01172,Zoya Brahmbhatt,Home Office,Punjab,Bhopal,2022-04-21
CUST01173,Seher Chatterjee,Corporate,Uttar Pradesh,Berhampur,2023-07-14
CUST01174,Pranay Dube,Consumer,Gujarat,Madurai,2024-05-28
CUST01175,Ishita Magar,Corporate,Maharashtra,Katni,2023-07-02
CUST01176,Nirvi Randhawa,Corporate,Punjab,Chinsurah,2023-09-16
CUST01177,Divij Tailor,Corporate,West Bengal,Karaikudi,2023-09-26
CUST01178,Nirvaan Borde,Home Office,Uttar Pradesh,Nagpur,2025-02-23
CUST01179,Zain Bal,Corporate,Punjab,Anantapuram,2023-01-22
CUST01180,Aarav Swamy,Home Office,Delhi,Kulti,2025-09-03
CUST01181,Dhanush Tandon,Home Office,West Bengal,Junagadh,2024-06-04
CUST01182,Yasmin Venkatesh,Home Office,Uttar Pradesh,Farrukhabad,2021-11-29
CUST01183,Alia Deep,Consumer,Telangana,Pune,2025-07-03
CUST01184,Vritika Sachdev,Home Office,Punjab,Karaikudi,2023-08-22
CUST01185,Pihu Suri,Corporate,Karnataka,Gulbarga,2021-07-28
CUST01186,Alia Karnik,Home Office,Delhi,Eluru,2021-09-01
CUST01187,Nirvi Virk,Consumer,Punjab,Jalna,2023-11-23
CUST01188,Divit Borah,Home Office,Maharashtra,Parbhani,2021-12-24
CUST01189,Alisha Dara,Consumer,West Bengal,Vasai-Virar,2025-05-05
CUST01190,Ivan Goswami,Corporate,Gujarat,Solapur,2021-11-29
CUST01191,Aaryahi Bansal,Corporate,Karnataka,Hospet,2022-02-27
CUST01192,Ira Chanda,Corporate,Delhi,Mysore,2025-02-09
CUST01193,Eshani Trivedi,Corporate,Telangana,Hospet,2022-09-09
CUST01194,Aaryahi Mane,Home Office,Uttar Pradesh,Dehri,2025-08-01
CUST01195,Nishith Dani,Home Office,West Bengal,Noida,2023-11-17
CUST01196,Himmat Goyal,Home Office,Karnataka,Jamnagar,2023-01-06
CUST01197,Eva Gopal,Home Office,Delhi,Dehri,2021-08-27
CUST01198,Elakshi Master,Home Office,Gujarat,Hospet,2026-02-23
CUST01199,Saksham Wadhwa,Home Office,Uttar Pradesh,Kurnool,2024-07-24
CUST01200,Faiyaz Jain,Home Office,Rajasthan,Panihati,2022-06-20
CUST01201,Tejas Soni,Corporate,Karnataka,Farrukhabad,2022-12-11
CUST01202,Vivaan Hari,Corporate,Telangana,Kolkata,2025-04-08
CUST01203,Anya Bawa,Corporate,Telangana,Noida,2025-12-16
CUST01204,Jhanvi Dasgupta,Corporate,Tamil Nadu,Rourkela,2022-02-11
CUST01205,Anaya Hora,Home Office,Uttar Pradesh,Satna,2023-11-29
CUST01206,Nitya Sethi,Consumer,Delhi,Tiruvottiyur,2022-10-22
CUST01207,Yashvi Krishnamurthy,Corporate,Telangana,Guntur,2021-10-03
CUST01208,Divit Chaudry,Corporate,Delhi,Karawal Nagar,2022-02-10
CUST01209,Drishya Kibe,Corporate,Tamil Nadu,Jamalpur,2022-09-04
CUST01210,Vihaan Walla,Home Office,Delhi,Morbi,2023-10-02
CUST01211,Kartik Atwal,Home Office,Uttar Pradesh,Silchar,2022-09-22
CUST01212,Pari Banerjee,Corporate,Uttar Pradesh,Bhiwandi,2026-03-28
CUST01213,Ojas Dey,Corporate,Telangana,Visakhapatnam,2024-11-17
CUST01214,Sumer Luthra,Home Office,Tamil Nadu,Malda,2024-09-16
CUST01215,Aarna Ram,Corporate,Maharashtra,Jamalpur,2026-02-26
CUST01216,Parinaaz Ranganathan,Home Office,Telangana,Jaipur,2023-06-26
CUST01217,Amira Konda,Corporate,Rajasthan,Hubli–Dharwad,2024-10-09
CUST01218,Dhanush Wable,Corporate,Karnataka,Pondicherry,2022-09-16
CUST01219,Arnav Mangat,Corporate,West Bengal,Hosur,2023-07-05
CUST01220,Darshit Lala,Corporate,Maharashtra,Farrukhabad,2021-12-11
CUST01221,Ira Keer,Corporate,Uttar Pradesh,Bhopal,2024-08-25
CUST01222,Eva Anne,Home Office,Tamil Nadu,Davanagere,2021-05-23
CUST01223,Misha Ghosh,Home Office,Uttar Pradesh,Bhilwara,2025-07-10
CUST01224,Divij Lad,Consumer,Delhi,Jamnagar,2023-08-12
CUST01225,Tiya Konda,Home Office,Tamil Nadu,Alappuzha,2024-03-23
CUST01226,Zeeshan Jhaveri,Home Office,Tamil Nadu,Panvel,2025-02-21
CUST01227,Nishith Loke,Consumer,Maharashtra,Ahmedabad,2023-04-12
CUST01228,Tarini Bhasin,Home Office,Punjab,Kamarhati,2025-02-20
CUST01229,Ahana  Varughese,Consumer,Delhi,Jamalpur,2022-11-23
CUST01230,Vedika Das,Consumer,Telangana,Visakhapatnam,2026-01-08
CUST01231,Kashvi Kunda,Consumer,Delhi,Durgapur,2022-12-23
CUST01232,Prerak Jaggi,Consumer,Maharashtra,Begusarai,2024-04-16
CUST01233,Aarav Mani,Corporate,Gujarat,Gudivada,2022-05-12
CUST01234,Yasmin Kalita,Home Office,Uttar Pradesh,Gurgaon,2022-02-09
CUST01235,Rati Bhakta,Consumer,Karnataka,Saharanpur,2025-09-01
CUST01236,Nitya Sankar,Consumer,Telangana,Guwahati,2025-10-14
CUST01237,Himmat Bali,Consumer,Rajasthan,Sangli-Miraj & Kupwad,2025-08-05
CUST01238,Kavya Varughese,Home Office,Uttar Pradesh,Dharmavaram,2021-06-02
CUST01239,Eshani Gade,Corporate,Delhi,Ballia,2025-09-08
CUST01240,Shalv Loke,Corporate,Gujarat,Morbi,2025-08-04
CUST01241,Ivana Tank,Corporate,West Bengal,Purnia,2023-11-26
CUST01242,Kashvi Roy,Consumer,Punjab,Mira-Bhayandar,2022-10-11
CUST01243,Jayan Mahajan,Consumer,Telangana,Mathura,2022-06-21
CUST01244,Shlok Yadav,Home Office,West Bengal,Sikar,2024-01-26
CUST01245,Kashvi Shroff,Consumer,Rajasthan,Amroha,2021-12-30
CUST01246,Rania Bera,Consumer,West Bengal,Bongaigaon,2022-03-28
CUST01247,Pihu Boase,Corporate,Uttar Pradesh,Warangal,2023-09-28
CUST01248,Ahana  Saxena,Consumer,Tamil Nadu,Belgaum,2022-02-12
CUST01249,Aniruddh Ravel,Consumer,West Bengal,Nellore,2022-04-02
CUST01250,Alisha Bedi,Corporate,Punjab,Varanasi,2025-03-29
CUST01251,Prerak Bakshi,Home Office,Maharashtra,Chennai,2021-07-12
CUST01252,Lakshit Cherian,Corporate,Tamil Nadu,Thanjavur,2022-11-11
CUST01253,Jayesh Som,Corporate,Telangana,Khammam,2022-11-05
CUST01254,Vaibhav Agarwal,Home Office,Uttar Pradesh,Jamalpur,2023-11-29
CUST01255,Jayesh Bera,Consumer,Telangana,Gudivada,2023-02-27
CUST01256,Bhavin Majumdar,Corporate,Tamil Nadu,Ajmer,2022-05-30
CUST01257,Amira Chand,Consumer,Maharashtra,Giridih,2026-04-24
CUST01258,Hansh Hari,Corporate,Karnataka,Jalandhar,2023-07-16
CUST01259,Baiju Bajwa,Home Office,Uttar Pradesh,Satna,2024-10-26
CUST01260,Faiyaz Tandon,Home Office,Tamil Nadu,Medininagar,2023-10-14
CUST01261,Ayesha Mandal,Home Office,Karnataka,Mira-Bhayandar,2025-01-31
CUST01262,Hrishita Dayal,Consumer,Gujarat,Belgaum,2022-10-22
CUST01263,Arhaan Ranganathan,Corporate,Punjab,Nandyal,2021-09-12
CUST01264,Mahika Dhar,Home Office,Delhi,Satna,2023-04-30
CUST01265,Dishani Konda,Consumer,Punjab,Kharagpur,2023-04-28
CUST01266,Tejas Ray,Home Office,Rajasthan,Aizawl,2024-11-09
CUST01267,Rhea Biswas,Corporate,Telangana,Mysore,2025-05-24
CUST01268,Zara Lalla,Corporate,Maharashtra,Raebareli,2023-05-04
CUST01269,Divij Rajagopal,Corporate,Maharashtra,Dindigul,2026-01-29
CUST01270,Sana Sehgal,Consumer,Karnataka,Sri Ganganagar,2024-12-25
CUST01271,Saanvi Bhatti,Corporate,Gujarat,Bhalswa Jahangir Pur,2021-11-04
CUST01272,Yuvaan Uppal,Consumer,West Bengal,Delhi,2026-03-31
CUST01273,Azad Chahal,Corporate,Rajasthan,Buxar,2023-08-10
CUST01274,Zeeshan Bandi,Consumer,Uttar Pradesh,Chennai,2023-03-18
CUST01275,Rasha Bhatia,Corporate,Gujarat,Ratlam,2025-10-11
CUST01276,Bhamini Sastry,Corporate,Punjab,Mango,2023-11-04
CUST01277,Saira Lata,Home Office,Punjab,Gudivada,2025-09-19
CUST01278,Mehul Soni,Consumer,Tamil Nadu,Nellore,2025-04-01
CUST01279,Purab Raj,Home Office,Gujarat,Srikakulam,2025-04-26
CUST01280,Nirvaan Bhardwaj,Home Office,Delhi,Kolkata,2025-12-31
CUST01281,Arnav Chowdhury,Consumer,Maharashtra,Ghaziabad,2022-07-15
CUST01282,Ranbir Sachar,Corporate,Tamil Nadu,Sambalpur,2022-04-21
CUST01283,Mannat Shukla,Consumer,Rajasthan,Lucknow,2025-02-10
CUST01284,Parinaaz Ramachandran,Home Office,Telangana,Jamnagar,2021-06-26
CUST01285,Saira Bera,Home Office,Tamil Nadu,Satna,2025-09-01
CUST01286,Raghav Ram,Home Office,Maharashtra,Ambarnath,2024-05-19
CUST01287,Shaan Krish,Home Office,Tamil Nadu,Davanagere,2023-03-12
CUST01288,Jhanvi Garde,Corporate,Punjab,Warangal,2022-10-13
CUST01289,Elakshi Kade,Consumer,Delhi,Mira-Bhayandar,2023-02-12
CUST01290,Farhan Chatterjee,Consumer,Uttar Pradesh,Dhule,2026-03-29
CUST01291,Amani Swaminathan,Consumer,Uttar Pradesh,Gandhidham,2024-10-28
CUST01292,Ayesha Baral,Home Office,Punjab,Hosur,2024-03-02
CUST01293,Aarav Garde,Corporate,Rajasthan,Panihati,2023-10-16
CUST01294,Myra Bawa,Home Office,Telangana,Bhiwandi,2021-10-05
CUST01295,Tiya Bhatnagar,Corporate,Telangana,Panipat,2025-11-20
CUST01296,Purab Bal,Home Office,Delhi,Ongole,2025-05-03
CUST01297,Zara Bala,Consumer,Punjab,Jamalpur,2023-11-14
CUST01298,Devansh Walla,Consumer,Telangana,Thiruvananthapuram,2026-02-05
CUST01299,Nakul Lata,Corporate,Telangana,Nandyal,2024-05-07
CUST01300,Kiaan Batta,Home Office,Gujarat,Akola,2022-03-19
CUST01301,Taimur Kar,Consumer,Punjab,Thrissur,2026-04-24
CUST01302,Biju Kamdar,Consumer,West Bengal,Latur,2024-06-27
CUST01303,Neysa Lal,Home Office,Telangana,Unnao,2025-06-25
CUST01304,Lakshay Tandon,Consumer,Punjab,Bijapur,2025-11-20
CUST01305,Anika Dhillon,Home Office,Karnataka,Kavali,2022-09-08
CUST01306,Gokul Buch,Consumer,Gujarat,Danapur,2024-08-17
CUST01307,Dhruv Khosla,Home Office,Uttar Pradesh,Rampur,2024-02-14
CUST01308,Baiju Srinivasan,Consumer,Delhi,Jabalpur,2024-01-16
CUST01309,Alia Tiwari,Home Office,Punjab,Chandigarh,2025-03-07
CUST01310,Vivaan Dara,Corporate,Maharashtra,Kishanganj,2021-07-24
CUST01311,Farhan Dyal,Home Office,Uttar Pradesh,Khandwa,2025-02-01
CUST01312,Advika Borra,Consumer,Uttar Pradesh,Vasai-Virar,2023-04-24
CUST01313,Shalv Ray,Consumer,Telangana,Faridabad,2021-07-18
CUST01314,Inaaya  Kothari,Corporate,Uttar Pradesh,Tirupati,2021-05-27
CUST01315,Adira Vaidya,Home Office,West Bengal,Panvel,2022-03-01
CUST01316,Navya Srivastava,Home Office,Uttar Pradesh,Alappuzha,2025-11-23
CUST01317,Dhruv Sachdev,Home Office,Tamil Nadu,Ghaziabad,2022-04-18
CUST01318,Aaryahi Varkey,Home Office,West Bengal,Chandrapur,2023-12-12
CUST01319,Tara Sandhu,Corporate,Tamil Nadu,Panvel,2023-05-19
CUST01320,Samar Char,Consumer,Delhi,Hyderabad,2026-03-21
CUST01321,Jivika Singhal,Home Office,Maharashtra,Pallavaram,2025-11-12
CUST01322,Myra Kala,Consumer,Rajasthan,Nellore,2024-02-17
CUST01323,Samaira Apte,Corporate,Maharashtra,Arrah,2023-04-03
CUST01324,Dhruv Barman,Home Office,West Bengal,Meerut,2024-03-06
CUST01325,Alisha Dar,Consumer,Uttar Pradesh,Guna,2023-07-12
CUST01326,Ahana  Vasa,Consumer,Tamil Nadu,Etawah,2024-08-26
CUST01327,Samaira Raj,Corporate,Karnataka,Rohtak,2025-08-08
CUST01328,Yuvraj  Chad,Consumer,Rajasthan,Warangal,2024-01-11
CUST01329,Anahita Karan,Corporate,Rajasthan,Surat,2021-10-03
CUST01330,Advik Sarraf,Corporate,Rajasthan,Bidar,2021-09-10
CUST01331,Kavya Mani,Corporate,Maharashtra,Singrauli,2023-12-04
CUST01332,Rhea Madan,Home Office,Telangana,Ramagundam,2025-11-21
CUST01333,Divyansh Sanghvi,Consumer,Gujarat,Patna,2026-01-15
CUST01334,Priyansh Chopra,Consumer,Karnataka,Satara,2023-04-22
CUST01335,Kismat Wable,Home Office,Rajasthan,Aurangabad,2024-02-20
CUST01336,Rhea Kamdar,Home Office,Karnataka,Srinagar,2023-11-15
CUST01337,Riaan Luthra,Home Office,Delhi,Rourkela,2025-01-29
CUST01338,Sahil Aggarwal,Consumer,West Bengal,Maheshtala,2022-12-11
CUST01339,Darshit Johal,Corporate,Uttar Pradesh,Bhiwani,2025-11-05
CUST01340,Aniruddh Kunda,Home Office,Telangana,Tadipatri,2025-11-04
CUST01341,Renee Madan,Corporate,Telangana,Hapur,2024-08-10
CUST01342,Ishita Chacko,Corporate,Delhi,Dindigul,2024-11-08
CUST01343,Saira Guha,Consumer,Uttar Pradesh,Miryalaguda,2025-08-24
CUST01344,Baiju Brar,Corporate,Karnataka,Noida,2023-12-03
CUST01345,Lakshit Malhotra,Corporate,Delhi,Jalna,2022-07-03
CUST01346,Hiran Kapur,Home Office,Maharashtra,Pudukkottai,2024-01-21
CUST01347,Sumer Bail,Consumer,Rajasthan,Madurai,2023-01-23
CUST01348,Siya Chandra,Home Office,West Bengal,Gangtok,2023-08-16
CUST01349,Faiyaz Virk,Consumer,Delhi,Pondicherry,2022-02-05
CUST01350,Sana Atwal,Consumer,Maharashtra,Nagpur,2025-11-09
CUST01351,Shray Walla,Home Office,West Bengal,Bhalswa Jahangir Pur,2022-04-04
CUST01352,Yuvraj  Gade,Corporate,Punjab,Shimoga,2025-09-07
CUST01353,Bhavin Chatterjee,Home Office,West Bengal,Panipat,2021-12-06
CUST01354,Anaya Taneja,Consumer,West Bengal,Udaipur,2022-01-04
CUST01355,Divij Lata,Corporate,Uttar Pradesh,Pudukkottai,2023-03-06
CUST01356,Piya Kumer,Consumer,Telangana,Bangalore,2021-08-04
CUST01357,Advik Dani,Consumer,West Bengal,Khandwa,2023-10-09
CUST01358,Aaryahi Sharaf,Consumer,Telangana,Thrissur,2023-08-03
CUST01359,Alia Chowdhury,Corporate,Delhi,Visakhapatnam,2024-09-06
CUST01360,Kashvi Hegde,Home Office,Punjab,Sirsa,2025-06-08
CUST01361,Rania Chakrabarti,Corporate,Punjab,Karimnagar,2024-11-23
CUST01362,Ishita Karpe,Home Office,Gujarat,Surat,2024-06-24
CUST01363,Elakshi Chauhan,Consumer,Tamil Nadu,Ambarnath,2026-03-05
CUST01364,Badal Choudhury,Consumer,Telangana,Jalna,2023-09-14
CUST01365,Neysa Agate,Consumer,Rajasthan,Shimoga,2025-01-27
CUST01366,Ivana Iyer,Corporate,Tamil Nadu,Medininagar,2023-04-11
CUST01367,Kavya Krishnamurthy,Consumer,Telangana,Shivpuri,2025-10-11
CUST01368,Bhavin Kar,Home Office,Karnataka,Kochi,2025-10-06
CUST01369,Ivana Madan,Home Office,Rajasthan,Cuttack,2025-05-12
CUST01370,Aarna Saraf,Home Office,Uttar Pradesh,Hindupur,2023-06-28
CUST01371,Anay Ratta,Consumer,Gujarat,Bidar,2023-08-02
CUST01372,Rania Trivedi,Home Office,Rajasthan,Tiruppur,2022-06-03
CUST01373,Mamooty Dara,Home Office,Gujarat,Ahmedabad,2024-07-13
CUST01374,Trisha Johal,Home Office,Rajasthan,Tadipatri,2024-06-08
CUST01375,Tushar Singh,Corporate,Karnataka,Nangloi Jat,2022-06-18
CUST01376,Rhea Sura,Corporate,Rajasthan,Visakhapatnam,2024-05-13
CUST01377,Aaryahi Virk,Consumer,Telangana,Tadipatri,2025-02-03
CUST01378,Divit Wali,Corporate,Delhi,Sagar,2023-06-29
CUST01379,Pari Chada,Consumer,Tamil Nadu,Srinagar,2021-06-28
CUST01380,Ishaan Varkey,Home Office,Karnataka,Gwalior,2021-10-29
CUST01381,Raunak Ben,Corporate,West Bengal,Kamarhati,2026-02-09
CUST01382,Neelofar Khare,Home Office,Rajasthan,Vijayawada,2023-07-22
CUST01383,Shayak Bala,Corporate,Telangana,Raurkela Industrial Township,2025-04-28
CUST01384,Rhea Hegde,Home Office,Karnataka,Jamnagar,2024-06-21
CUST01385,Romil Basak,Corporate,Delhi,Shimla,2026-05-17
CUST01386,Ivana Arya,Corporate,Delhi,Dehradun,2024-07-23
CUST01387,Romil Kalla,Corporate,Maharashtra,Arrah,2024-01-13
CUST01388,Ira Arya,Corporate,Gujarat,Pimpri-Chinchwad,2021-12-13
CUST01389,Ritvik Mangat,Consumer,Telangana,Durgapur,2024-07-20
CUST01390,Nehmat Rout,Home Office,Delhi,Proddatur,2025-09-12
CUST01391,Darshit Kannan,Consumer,Tamil Nadu,Davanagere,2022-04-18
CUST01392,Onkar Kibe,Corporate,Punjab,Morena,2022-12-25
CUST01393,Ehsaan Chaudhuri,Home Office,West Bengal,Chittoor,2025-01-30
CUST01394,Kismat Subramaniam,Consumer,Delhi,Imphal,2024-11-20
CUST01395,Sahil Ramesh,Home Office,Telangana,Guntur,2025-01-10
CUST01396,Divit Malhotra,Consumer,Uttar Pradesh,South Dumdum,2022-06-07
CUST01397,Sumer Gola,Consumer,Gujarat,Naihati,2024-02-01
CUST01398,Baiju Bal,Corporate,West Bengal,Bhimavaram,2026-01-14
CUST01399,Indrans Sarma,Consumer,Delhi,Asansol,2024-07-08
CUST01400,Ranbir Varty,Home Office,Maharashtra,Noida,2026-02-18
CUST01401,Kimaya Bhakta,Home Office,Uttar Pradesh,Jalandhar,2024-02-19
CUST01402,Indrajit Krish,Consumer,Punjab,Machilipatnam,2023-08-31
CUST01403,Eshani Wagle,Home Office,Delhi,Sikar,2025-05-29
CUST01404,Ishita Yohannan,Corporate,Delhi,Bharatpur,2022-05-23
CUST01405,Darshit Buch,Home Office,Gujarat,Gandhinagar,2025-10-10
CUST01406,Prisha Karpe,Corporate,Rajasthan,Imphal,2026-03-15
CUST01407,Gatik Karpe,Corporate,Telangana,Thiruvananthapuram,2022-12-07
CUST01408,Pranay Kara,Home Office,Gujarat,Sambhal,2023-02-05
CUST01409,Manjari Srinivasan,Corporate,Tamil Nadu,Pimpri-Chinchwad,2026-03-03
CUST01410,Aayush Sem,Corporate,Telangana,Bhilai,2025-06-03
CUST01411,Faiyaz Bhattacharyya,Corporate,Uttar Pradesh,Dhule,2023-12-29
CUST01412,Oorja Dyal,Consumer,Uttar Pradesh,Guntur,2022-01-08
CUST01413,Divyansh Dyal,Corporate,Delhi,Nizamabad,2024-08-17
CUST01414,Tiya Varty,Corporate,Gujarat,Thoothukudi,2021-09-03
CUST01415,Taimur Issac,Corporate,West Bengal,Indore,2024-04-09
CUST01416,Lagan Sachar,Home Office,Delhi,Anantapuram,2021-07-14
CUST01417,Prisha Saini,Home Office,Karnataka,Kulti,2024-01-02
CUST01418,Pranay Bora,Consumer,Tamil Nadu,Amravati,2023-01-16
CUST01419,Veer Magar,Home Office,Punjab,Kamarhati,2025-06-19
CUST01420,Samaira D’Alia,Home Office,Rajasthan,Hindupur,2023-04-01
CUST01421,Aayush Srinivas,Corporate,Karnataka,Singrauli,2024-10-21
CUST01422,Emir Kannan,Consumer,Gujarat,Jodhpur,2023-04-27
CUST01423,Divij Gokhale,Consumer,Rajasthan,Thane,2023-09-03
CUST01424,Rohan Saini,Home Office,Delhi,Bhopal,2026-04-03
CUST01425,Prerak Shah,Corporate,Telangana,Nizamabad,2024-11-20
CUST01426,Zoya Ramanathan,Home Office,Gujarat,Howrah,2025-04-13
CUST01427,Jivin Kaur,Corporate,Uttar Pradesh,Kolkata,2022-10-19
CUST01428,Aaryahi Dhar,Home Office,Uttar Pradesh,Pallavaram,2021-06-18
CUST01429,Khushi Ravi,Corporate,Karnataka,Deoghar,2023-04-15
CUST01430,Drishya Mand,Home Office,Gujarat,Guna,2022-05-09
CUST01431,Raghav Karan,Consumer,Karnataka,Tiruchirappalli,2022-01-13
CUST01432,Badal Bahri,Home Office,Telangana,Korba,2025-12-06
CUST01433,Samaira Kuruvilla,Corporate,Karnataka,Ballia,2023-01-02
CUST01434,Shray Karnik,Home Office,West Bengal,Guntur,2026-04-19
CUST01435,Drishya Chad,Home Office,West Bengal,Gopalpur,2022-04-12
CUST01436,Adira Shetty,Consumer,West Bengal,Gandhinagar,2022-09-19
CUST01437,Kaira Shankar,Consumer,Rajasthan,Jaunpur,2023-05-24
CUST01438,Dhanuk Ravi,Consumer,Delhi,Chandigarh,2021-10-22
CUST01439,Aarna Chander,Consumer,Karnataka,Bhind,2025-08-18
CUST01440,Advika Sule,Consumer,Delhi,Nizamabad,2023-09-02
CUST01441,Kartik Agrawal,Home Office,Uttar Pradesh,Silchar,2022-11-03
CUST01442,Shayak Hora,Corporate,West Bengal,Mumbai,2023-04-19
CUST01443,Urvi Krish,Home Office,Punjab,Srikakulam,2022-10-26
CUST01444,Aniruddh Kapur,Corporate,Uttar Pradesh,Durg,2026-03-10
CUST01445,Kimaya Saha,Consumer,West Bengal,Ambala,2022-09-19
CUST01446,Vidur Dube,Home Office,Telangana,Jabalpur,2022-01-28
CUST01447,Anahita Andra,Corporate,West Bengal,Khora ,2023-02-26
CUST01448,Indrans Bali,Consumer,Telangana,Ratlam,2026-05-18
CUST01449,Ehsaan Walia,Home Office,Tamil Nadu,Sri Ganganagar,2023-10-15
CUST01450,Neysa Koshy,Home Office,Tamil Nadu,Latur,2024-07-01
CUST01451,Kabir Chada,Consumer,Telangana,Amaravati,2024-09-29
CUST01452,Vihaan Dalal,Home Office,Rajasthan,Patiala,2021-09-24
CUST01453,Pari Gupta,Consumer,Maharashtra,Thrissur,2024-01-26
CUST01454,Zoya Kari,Consumer,Telangana,Raipur,2021-08-06
CUST01455,Kismat Srinivasan,Consumer,Delhi,Agartala,2025-09-21
CUST01456,Farhan Reddy,Consumer,Punjab,Rajkot,2023-01-07
CUST01457,Veer Thakkar,Home Office,Tamil Nadu,Anantapuram,2021-12-03
CUST01458,Kiara Magar,Corporate,Tamil Nadu,Anantapuram,2022-07-21
CUST01459,Azad Mane,Corporate,Maharashtra,Anantapur,2025-06-15
CUST01460,Ehsaan Golla,Corporate,Rajasthan,Tadipatri,2024-06-09
CUST01461,Taimur Mangal,Corporate,Punjab,Srikakulam,2022-08-18
CUST01462,Anahi Kara,Consumer,Delhi,Machilipatnam,2024-08-27
CUST01463,Rasha Ramanathan,Corporate,Maharashtra,Nagercoil,2026-04-15
CUST01464,Neelofar Krishnan,Home Office,West Bengal,Gopalpur,2026-02-09
CUST01465,Farhan Agarwal,Consumer,Rajasthan,Gurgaon,2023-06-16
CUST01466,Riaan Bhatia,Corporate,Rajasthan,Nagercoil,2023-04-28
CUST01467,Divij Gaba,Home Office,Uttar Pradesh,Kavali,2025-09-24
CUST01468,Bhavin Deshpande,Consumer,West Bengal,Bihar Sharif,2025-02-09
CUST01469,Manikya Hari,Home Office,Karnataka,Hindupur,2024-09-13
CUST01470,Prisha Suri,Consumer,Uttar Pradesh,Sonipat,2023-10-31
CUST01471,Shamik Bassi,Corporate,Gujarat,Bhiwandi,2021-10-13
CUST01472,Veer Dugal,Home Office,Maharashtra,Chinsurah,2025-12-30
CUST01473,Kabir Sandal,Home Office,West Bengal,Chittoor,2024-11-10
CUST01474,Arnav Master,Consumer,Delhi,Mangalore,2023-02-21
CUST01475,Neelofar Gala,Home Office,Punjab,Bhatpara,2022-01-23
CUST01476,Jiya Bath,Corporate,Tamil Nadu,Tadepalligudem,2021-06-21
CUST01477,Aaryahi Deshpande,Consumer,Maharashtra,Khandwa,2023-09-12
CUST01478,Arnav Gaba,Home Office,Tamil Nadu,New Delhi,2024-11-17
CUST01479,Lavanya Wason,Home Office,Punjab,Gangtok,2023-05-05
CUST01480,Samiha Dutt,Home Office,West Bengal,Udaipur,2025-08-31
CUST01481,Lavanya Doctor,Consumer,Gujarat,Akola,2024-10-30
CUST01482,Ela Dubey,Consumer,Delhi,Alappuzha,2025-09-03
CUST01483,Indrans Ghose,Home Office,Karnataka,Amroha,2022-04-04
CUST01484,Kabir Soni,Home Office,Rajasthan,Bhusawal,2024-05-07
CUST01485,Suhana Shanker,Consumer,Tamil Nadu,Ulhasnagar,2024-12-30
CUST01486,Anay Ramaswamy,Consumer,Punjab,Bhopal,2023-08-31
CUST01487,Vidur Tiwari,Consumer,Punjab,Malda,2024-01-03
CUST01488,Hunar Tara,Corporate,Telangana,Jorhat,2023-08-27
CUST01489,Aayush Bora,Corporate,Rajasthan,Panchkula,2022-03-18
CUST01490,Damini Kannan,Home Office,Karnataka,Anantapur,2025-01-10
CUST01491,Yashvi Rastogi,Home Office,Maharashtra,Purnia,2025-05-19
CUST01492,Tejas Batta,Home Office,Gujarat,Alwar,2021-07-20
CUST01493,Vihaan Banerjee,Consumer,Maharashtra,Sagar,2025-08-13
CUST01494,Hansh Trivedi,Corporate,Delhi,Chandrapur,2025-01-26
CUST01495,Bhamini Maharaj,Consumer,Gujarat,Gulbarga,2025-09-18
CUST01496,Saksham Gandhi,Home Office,Punjab,Allahabad,2021-12-25
CUST01497,Samaira Mall,Home Office,Rajasthan,Motihari,2024-10-03
CUST01498,Tarini Balakrishnan,Corporate,West Bengal,Jorhat,2023-08-18
CUST01499,Zaina Bains,Home Office,Tamil Nadu,Firozabad,2025-11-24
CUST01500,Neysa Seth,Corporate,Uttar Pradesh,Panihati,2021-07-12
CUST01501,Jayan Agarwal,Consumer,Gujarat,Salem,2025-11-04
CUST01502,Sana Ravel,Home Office,Rajasthan,Gangtok,2021-06-12
CUST01503,Khushi Chandran,Corporate,Karnataka,Nanded,2024-08-11
CUST01504,Zara Viswanathan,Home Office,Punjab,Guna,2025-01-25
CUST01505,Miraya Anne,Home Office,Rajasthan,Naihati,2023-10-22
CUST01506,Hunar Sridhar,Consumer,Punjab,Mango,2025-05-03
CUST01507,Emir Iyer,Corporate,Delhi,Rampur,2023-06-15
CUST01508,Uthkarsh Johal,Home Office,Maharashtra,Firozabad,2026-05-06
CUST01509,Jivin Vasa,Consumer,Tamil Nadu,Vellore,2021-12-25
CUST01510,Shlok Walla,Consumer,Rajasthan,Gwalior,2024-08-04
CUST01511,Samaira Mane,Home Office,Karnataka,Orai,2023-11-21
CUST01512,Mahika Sharaf,Home Office,Rajasthan,Delhi,2025-05-20
CUST01513,Divij Apte,Corporate,Gujarat,Pondicherry,2022-06-09
CUST01514,Rati Rattan,Consumer,Maharashtra,Nagercoil,2024-07-27
CUST01515,Samarth Kapoor,Consumer,Tamil Nadu,Bally,2025-08-07
CUST01516,Dhanuk Sheth,Corporate,Gujarat,Kishanganj,2021-09-05
CUST01517,Yakshit Loyal,Corporate,Maharashtra,Nashik,2021-08-25
CUST01518,Himmat Dani,Consumer,Maharashtra,Jalgaon,2022-04-23
CUST01519,Tiya Majumdar,Consumer,Rajasthan,Bikaner,2024-06-18
CUST01520,Ira Gara,Corporate,Telangana,Bally,2025-08-15
CUST01521,Yashvi Bhattacharyya,Home Office,Telangana,Etawah,2025-03-08
CUST01522,Ivan Bassi,Corporate,Maharashtra,Chandrapur,2026-03-19
CUST01523,Farhan Kant,Consumer,Maharashtra,Shimoga,2023-03-23
CUST01524,Yashvi Lad,Corporate,Telangana,Madanapalle,2022-06-16
CUST01525,Vedika Bawa,Consumer,Punjab,Naihati,2024-07-05
CUST01526,Aaina Khare,Home Office,Gujarat,Rampur,2021-11-12
CUST01527,Rania Chacko,Corporate,West Bengal,Rampur,2025-02-24
CUST01528,Myra Doctor,Corporate,Rajasthan,Salem,2023-03-01
CUST01529,Rhea Guha,Corporate,Maharashtra,Dewas,2025-10-16
CUST01530,Ela Deep,Home Office,Telangana,Tezpur,2021-07-05
CUST01531,Priyansh Maharaj,Consumer,Punjab,Srikakulam,2023-10-11
CUST01532,Nitara Chowdhury,Home Office,Karnataka,Allahabad,2021-08-24
CUST01533,Onkar Chahal,Home Office,Rajasthan,Surendranagar Dudhrej,2023-02-24
CUST01534,Yakshit Sani,Consumer,Karnataka,Kozhikode,2022-04-18
CUST01535,Aayush Madan,Corporate,Tamil Nadu,Sagar,2023-05-21
CUST01536,Vihaan Dutta,Corporate,Uttar Pradesh,Bidar,2022-10-31
CUST01537,Aaina Rout,Consumer,Maharashtra,Ichalkaranji,2024-06-17
CUST01538,Mamooty Gopal,Consumer,Rajasthan,Sikar,2023-08-06
CUST01539,Eva Kari,Corporate,Rajasthan,Dindigul,2026-02-06
CUST01540,Himmat Lanka,Corporate,Uttar Pradesh,Bokaro,2025-06-01
CUST01541,Reyansh Karan,Consumer,Gujarat,Bellary,2022-09-18
CUST01542,Neelofar Bhasin,Corporate,Delhi,Sambalpur,2024-03-27
CUST01543,Samaira Bora,Home Office,Uttar Pradesh,Uluberia,2023-02-16
CUST01544,Dharmajan Chaudhry,Home Office,Punjab,Medininagar,2026-01-08
CUST01545,Ela Grover,Consumer,Uttar Pradesh,Ballia,2023-09-01
CUST01546,Rhea Varkey,Consumer,Karnataka,Thiruvananthapuram,2022-01-13
CUST01547,Elakshi Raman,Corporate,West Bengal,Thrissur,2025-10-26
CUST01548,Adira Sachar,Corporate,Gujarat,Haldia,2022-06-02
CUST01549,Dhanuk Wable,Home Office,Rajasthan,Siliguri,2021-08-11
CUST01550,Alisha Wali,Corporate,Uttar Pradesh,Panchkula,2022-02-26
CUST01551,Amani Gill,Corporate,Rajasthan,Bhimavaram,2026-04-20
CUST01552,Mahika Manne,Home Office,Punjab,Tiruppur,2024-07-19
CUST01553,Rasha Lall,Consumer,Tamil Nadu,Bhiwandi,2024-01-06
CUST01554,Divyansh Butala,Corporate,Punjab,Tiruchirappalli,2024-09-02
CUST01555,Aniruddh Kohli,Home Office,Delhi,Chittoor,2025-12-27
CUST01556,Vanya Deshpande,Corporate,Gujarat,Satna,2026-03-04
CUST01557,Anay Ray,Consumer,Rajasthan,Durgapur,2025-04-07
CUST01558,Mannat Kaur,Corporate,Tamil Nadu,Kanpur,2022-04-18
CUST01559,Dharmajan Dube,Home Office,Uttar Pradesh,Ramgarh,2024-12-26
CUST01560,Vidur Gaba,Home Office,Delhi,Mira-Bhayandar,2022-01-04
CUST01561,Eva Bajwa,Corporate,Rajasthan,Bangalore,2022-11-30
CUST01562,Kanav Loyal,Corporate,Rajasthan,Haridwar,2022-02-01
CUST01563,Saksham Bajwa,Corporate,Maharashtra,Jaunpur,2023-04-04
CUST01564,Veer Varughese,Home Office,Delhi,Dindigul,2025-09-29
CUST01565,Siya Butala,Home Office,Telangana,Patna,2022-11-29
CUST01566,Baiju Chhabra,Consumer,Telangana,Tumkur,2025-10-25
CUST01567,Hazel Singh,Consumer,Uttar Pradesh,Bikaner,2022-03-06
CUST01568,Madhav Ghose,Home Office,Delhi,Udupi,2022-07-20
CUST01569,Tejas Solanki,Corporate,Tamil Nadu,Alwar,2021-06-28
CUST01570,Anay Bassi,Home Office,Maharashtra,Tumkur,2023-11-15
CUST01571,Shlok Sen,Corporate,Uttar Pradesh,Erode,2024-07-23
CUST01572,Shaan Bhatti,Consumer,Tamil Nadu,Guna,2026-04-09
CUST01573,Vihaan Wadhwa,Consumer,Tamil Nadu,Nashik,2023-09-17
CUST01574,Mahika Raju,Home Office,Karnataka,Hindupur,2024-02-13
CUST01575,Abram Kaur,Home Office,Rajasthan,Kollam,2023-10-24
CUST01576,Raghav Mallick,Corporate,Maharashtra,Amaravati,2026-03-18
CUST01577,Badal Dua,Corporate,Punjab,Salem,2025-04-07
CUST01578,Eshani Garg,Corporate,Punjab,Varanasi,2022-07-08
CUST01579,Hridaan Soni,Corporate,Telangana,Cuttack,2024-09-06
CUST01580,Amani Suri,Home Office,Rajasthan,Meerut,2024-02-23
CUST01581,Emir Dixit,Home Office,West Bengal,Haridwar,2022-09-08
CUST01582,Saksham Saini,Corporate,Telangana,Nangloi Jat,2023-08-23
CUST01583,Nirvaan Ganguly,Home Office,Maharashtra,Howrah,2021-09-10
CUST01584,Anay Dutta,Consumer,Delhi,Orai,2025-08-22
CUST01585,Samiha Sabharwal,Home Office,Gujarat,Indore,2024-01-16
CUST01586,Amani Bajwa,Consumer,Punjab,Sambalpur,2024-05-24
CUST01587,Rasha Dhar,Consumer,Punjab,Nagercoil,2023-11-01
CUST01588,Kaira Deol,Home Office,Rajasthan,Amritsar,2024-01-30
CUST01589,Piya Edwin,Corporate,Rajasthan,Ulhasnagar,2021-09-19
CUST01590,Mamooty Subramanian,Consumer,West Bengal,Thiruvananthapuram,2025-11-14
CUST01591,Myra Vora,Consumer,Tamil Nadu,Meerut,2021-09-07
CUST01592,Tarini Konda,Consumer,Telangana,Sri Ganganagar,2021-10-10
CUST01593,Hunar Sha,Home Office,Telangana,Solapur,2023-10-09
CUST01594,Manjari Rau,Home Office,Punjab,Rewa,2025-11-02
CUST01595,Jivika Venkatesh,Home Office,Punjab,Allahabad,2026-04-10
CUST01596,Lagan Subramaniam,Consumer,Uttar Pradesh,Malda,2025-04-30
CUST01597,Seher Barad,Corporate,Rajasthan,Panvel,2021-07-02
CUST01598,Ehsaan Khanna,Corporate,Punjab,Bijapur,2024-01-22
CUST01599,Veer Kala,Home Office,Telangana,Silchar,2021-06-09
CUST01600,Samiha Shenoy,Consumer,Gujarat,Karimnagar,2023-05-02
CUST01601,Devansh Khurana,Consumer,Uttar Pradesh,Secunderabad,2026-04-28
CUST01602,Shanaya Anand,Consumer,Tamil Nadu,Junagadh,2024-11-08
CUST01603,Taimur Mand,Corporate,Maharashtra,Meerut,2022-11-29
CUST01604,Akarsh Barman,Consumer,Karnataka,Pune,2023-06-14
CUST01605,Dishani Halder,Corporate,Tamil Nadu,Lucknow,2023-10-14
CUST01606,Aayush Bhatti,Corporate,Uttar Pradesh,Bhiwani,2021-11-12
CUST01607,Mannat Ganesan,Consumer,Telangana,Udupi,2023-02-03
CUST01608,Divit Keer,Corporate,Gujarat,Jalgaon,2024-06-28
CUST01609,Yashvi Mani,Corporate,Maharashtra,Bettiah,2025-05-06
CUST01610,Tiya Bhattacharyya,Corporate,Uttar Pradesh,Shimla,2023-03-06
CUST01611,Advik Kaul,Corporate,Maharashtra,Raiganj,2025-11-22
CUST01612,Armaan Sengupta,Corporate,West Bengal,Kakinada,2023-11-18
CUST01613,Parinaaz Som,Home Office,Maharashtra,Ozhukarai,2022-11-02
CUST01614,Tarini Dyal,Consumer,Gujarat,Mangalore,2022-07-20
CUST01615,Anaya Sachdev,Home Office,Maharashtra,Bidar,2021-11-18
CUST01616,Sahil Kata,Home Office,Karnataka,Ballia,2022-01-31
CUST01617,Yashvi Sem,Home Office,Delhi,Kumbakonam,2026-04-23
CUST01618,Bhamini Anand,Home Office,Karnataka,Mehsana,2023-09-05
CUST01619,Riya Bains,Home Office,Karnataka,Raebareli,2024-03-12
CUST01620,Onkar Uppal,Corporate,Telangana,Udaipur,2023-10-18
CUST01621,Prisha Ganesh,Corporate,Uttar Pradesh,Mysore,2024-08-05
CUST01622,Kartik Jha,Consumer,Rajasthan,Tadepalligudem,2024-06-20
CUST01623,Charvi Bhargava,Home Office,Karnataka,Berhampore,2024-03-05
CUST01624,Ranbir Cherian,Consumer,Rajasthan,Dewas,2026-03-02
CUST01625,Reyansh Andra,Corporate,West Bengal,Malegaon,2022-12-25
CUST01626,Taran Jain,Home Office,Punjab,Dhanbad,2023-03-11
CUST01627,Shray Buch,Consumer,Uttar Pradesh,Tiruchirappalli,2025-04-29
CUST01628,Lakshay Bhasin,Home Office,Rajasthan,Suryapet,2023-02-13
CUST01629,Parinaaz Raju,Corporate,West Bengal,Gopalpur,2021-10-10
CUST01630,Renee Jaggi,Home Office,Delhi,Thanjavur,2024-06-14
CUST01631,Darshit Saha,Consumer,Tamil Nadu,Raichur,2024-11-18
CUST01632,Damini Mand,Home Office,Maharashtra,Visakhapatnam,2023-10-01
CUST01633,Trisha Sami,Home Office,Maharashtra,Meerut,2024-11-25
CUST01634,Stuvan Jayaraman,Home Office,Karnataka,Sikar,2023-11-11
CUST01635,Divyansh Hayer,Corporate,Gujarat,Siliguri,2022-04-30
CUST01636,Mehul Zachariah,Consumer,Uttar Pradesh,Tinsukia,2021-08-21
CUST01637,Drishya Basak,Consumer,Tamil Nadu,Mango,2025-11-14
CUST01638,Neelofar Johal,Home Office,Uttar Pradesh,Bellary,2023-07-21
CUST01639,Miraan Mand,Home Office,Gujarat,Bokaro,2024-12-11
CUST01640,Yashvi Srinivasan,Home Office,Rajasthan,Ajmer,2021-11-19
CUST01641,Dhanuk Sachdeva,Home Office,Rajasthan,Jammu,2022-05-05
CUST01642,Biju Batta,Home Office,Maharashtra,Madhyamgram,2021-11-20
CUST01643,Tarini Anne,Corporate,Gujarat,Ahmedabad,2025-09-07
CUST01644,Nehmat Raja,Corporate,Punjab,Panvel,2022-04-18
CUST01645,Vihaan Chakrabarti,Consumer,Tamil Nadu,Bhalswa Jahangir Pur,2021-09-03
CUST01646,Sana Biswas,Home Office,Punjab,Jhansi,2024-10-13
CUST01647,Heer Bansal,Consumer,Karnataka,Tirupati,2022-03-15
CUST01648,Tushar Chander,Corporate,Maharashtra,Tirupati,2021-05-25
CUST01649,Yakshit Soni,Consumer,Tamil Nadu,Nashik,2024-11-21
CUST01650,Kimaya Raval,Consumer,Karnataka,Mirzapur,2026-04-26
CUST01651,Chirag Bahl,Corporate,Karnataka,Hajipur,2022-02-27
CUST01652,Reyansh Gara,Home Office,Rajasthan,Jabalpur,2021-06-19
CUST01653,Zain Karpe,Corporate,Punjab,Mumbai,2021-11-27
CUST01654,Nehmat Arora,Consumer,Punjab,Noida,2025-04-30
CUST01655,Jivika Kashyap,Corporate,Rajasthan,Salem,2024-05-23
CUST01656,Devansh Yogi,Consumer,Uttar Pradesh,Bongaigaon,2021-09-16
CUST01657,Umang Chauhan,Home Office,Telangana,Udaipur,2026-05-14
CUST01658,Arnav Behl,Home Office,Karnataka,Chapra,2022-01-09
CUST01659,Tushar Vaidya,Home Office,Karnataka,Patiala,2021-10-04
CUST01660,Nayantara Malhotra,Corporate,Tamil Nadu,Bulandshahr,2024-05-26
CUST01661,Miraya Wagle,Consumer,Karnataka,Bhubaneswar,2024-03-14
CUST01662,Keya Bahl,Corporate,Uttar Pradesh,Yamunanagar,2024-11-27
CUST01663,Jayesh Sankaran,Home Office,West Bengal,Vadodara,2021-06-03
CUST01664,Saira Lal,Corporate,West Bengal,Ramgarh,2024-03-04
CUST01665,Dishani Solanki,Corporate,Karnataka,Bokaro,2022-12-27
CUST01666,Indrajit Bajaj,Consumer,Rajasthan,Sikar,2025-06-13
CUST01667,Anvi Zacharia,Home Office,Telangana,Alappuzha,2023-11-16
CUST01668,Fateh Bansal,Home Office,Uttar Pradesh,Bhubaneswar,2025-04-06
CUST01669,Amani Sengupta,Corporate,Uttar Pradesh,Morbi,2023-09-04
CUST01670,Tejas Dutta,Corporate,Uttar Pradesh,Gandhidham,2023-04-15
CUST01671,Miraya Sidhu,Corporate,Karnataka,Guntakal,2022-08-27
CUST01672,Gatik Sama,Consumer,Punjab,Nagaon,2025-01-25
CUST01673,Mahika Koshy,Consumer,Delhi,Thrissur,2025-07-22
CUST01674,Taran Chacko,Corporate,West Bengal,Amravati,2022-06-24
CUST01675,Prisha Magar,Corporate,Delhi,Gandhinagar,2024-06-16
CUST01676,Riya Sinha,Home Office,Tamil Nadu,Thrissur,2024-02-27
CUST01677,Manjari Aurora,Consumer,Uttar Pradesh,Ludhiana,2024-07-06
CUST01678,Nitara Tata,Home Office,Uttar Pradesh,Erode,2022-05-04
CUST01679,Yuvraj  Edwin,Home Office,Telangana,Karimnagar,2021-12-13
CUST01680,Madhup Balay,Consumer,Punjab,Raurkela Industrial Township,2025-03-24
CUST01681,Ela Borra,Consumer,Tamil Nadu,Saharanpur,2024-11-04
CUST01682,Samiha Solanki,Home Office,Gujarat,Sri Ganganagar,2021-07-12
CUST01683,Lagan Sood,Home Office,West Bengal,Bhilai,2021-11-04
CUST01684,Nakul Chhabra,Home Office,Uttar Pradesh,Ramgarh,2023-07-13
CUST01685,Elakshi Bose,Home Office,Delhi,Ichalkaranji,2024-10-14
CUST01686,Anahita Goel,Corporate,Maharashtra,Satna,2021-08-25
CUST01687,Dhanush Mangat,Home Office,Delhi,Kolhapur,2022-04-25
CUST01688,Yuvaan Doctor,Corporate,West Bengal,Jhansi,2023-08-01
CUST01689,Alisha Sabharwal,Corporate,Tamil Nadu,Jaunpur,2024-05-16
CUST01690,Abram Varma,Corporate,Maharashtra,Morbi,2025-11-07
CUST01691,Miraya Salvi,Corporate,Maharashtra,Bhatpara,2021-06-22
CUST01692,Neelofar Tripathi,Consumer,Delhi,Mumbai,2021-10-09
CUST01693,Priyansh Cheema,Home Office,Punjab,Etawah,2022-11-26
CUST01694,Sara Baral,Home Office,Gujarat,Kozhikode,2021-11-19
CUST01695,Veer Ravi,Home Office,Punjab,Kanpur,2025-02-27
CUST01696,Ishaan Lad,Home Office,Rajasthan,Raurkela Industrial Township,2023-12-16
CUST01697,Ivana Sura,Consumer,Punjab,North Dumdum,2025-08-04
CUST01698,Aarna Chaudhuri,Consumer,Delhi,Mau,2025-01-13
CUST01699,Keya Yogi,Consumer,West Bengal,Warangal,2024-08-10
CUST01700,Suhana Mammen,Home Office,Gujarat,Varanasi,2024-09-04
CUST01701,Anahita Kale,Home Office,Tamil Nadu,Lucknow,2026-04-27
CUST01702,Rania Kumar,Home Office,Telangana,Bokaro,2022-01-23
CUST01703,Parinaaz Rana,Consumer,Gujarat,Guntakal,2022-12-26
CUST01704,Charvi Date,Home Office,Tamil Nadu,Purnia,2023-01-31
CUST01705,Romil Ranganathan,Corporate,Punjab,Satara,2024-06-04
CUST01706,Zoya Banik,Corporate,Telangana,Thiruvananthapuram,2021-10-25
CUST01707,Anya Gade,Home Office,Maharashtra,Tumkur,2023-02-01
CUST01708,Mehul Agate,Consumer,Rajasthan,Lucknow,2026-02-15
CUST01709,Madhav Gopal,Consumer,Tamil Nadu,Imphal,2025-09-03
CUST01710,Anahita Rajagopalan,Home Office,Karnataka,Bilaspur,2022-08-04
CUST01711,Damini Rau,Home Office,Karnataka,Morena,2024-10-14
CUST01712,Bhamini Karan,Consumer,Karnataka,Patna,2022-11-16
CUST01713,Vidur Tiwari,Home Office,Gujarat,Ballia,2022-08-19
CUST01714,Nayantara Brahmbhatt,Consumer,Rajasthan,Dehradun,2023-04-12
CUST01715,Himmat Lata,Corporate,Karnataka,Noida,2023-05-08
CUST01716,Ela Sethi,Home Office,Tamil Nadu,Ozhukarai,2025-03-17
CUST01717,Rohan Mallick,Home Office,Rajasthan,Bidar,2024-08-12
CUST01718,Jivin Sarraf,Corporate,Uttar Pradesh,Raipur,2022-01-19
CUST01719,Dharmajan Chakrabarti,Consumer,Maharashtra,Kharagpur,2025-04-17
CUST01720,Riaan Salvi,Corporate,Telangana,Amravati,2023-11-16
CUST01721,Ehsaan Goda,Home Office,Tamil Nadu,Chinsurah,2024-09-02
CUST01722,Nakul Goswami,Home Office,Gujarat,Morena,2023-03-06
CUST01723,Tanya Kota,Corporate,Uttar Pradesh,Kishanganj,2023-04-28
CUST01724,Nakul Chada,Corporate,Punjab,Burhanpur,2022-11-24
CUST01725,Yasmin De,Consumer,Maharashtra,Kulti,2024-07-30
CUST01726,Damini Hora,Home Office,Uttar Pradesh,Patna,2025-11-29
CUST01727,Seher Johal,Home Office,Gujarat,Gorakhpur,2024-11-09
CUST01728,Jivika Sachar,Consumer,Telangana,Guntakal,2024-02-03
CUST01729,Purab Bhandari,Corporate,Delhi,Guna,2025-05-13
CUST01730,Dharmajan Ravel,Corporate,Delhi,Jalna,2025-11-30
CUST01731,Dhruv Kumar,Corporate,Tamil Nadu,Bhilai,2021-09-26
CUST01732,Kabir Bhalla,Corporate,Tamil Nadu,Anand,2022-07-11
CUST01733,Nitara Chaudhuri,Corporate,Telangana,Tiruvottiyur,2022-03-28
CUST01734,Stuvan Ramaswamy,Home Office,Karnataka,Tinsukia,2026-02-24
CUST01735,Divij Kota,Home Office,Uttar Pradesh,Ambala,2021-11-25
CUST01736,Shalv Sangha,Corporate,West Bengal,Dhanbad,2025-04-13
CUST01737,Keya Ramakrishnan,Consumer,Maharashtra,Ozhukarai,2022-12-14
CUST01738,Devansh Kapur,Home Office,Uttar Pradesh,Dibrugarh,2022-07-22
CUST01739,Jivika Khalsa,Consumer,Maharashtra,Deoghar,2021-09-28
CUST01740,Indrajit Brar,Consumer,Uttar Pradesh,Saharanpur,2023-12-29
CUST01741,Siya Deo,Corporate,West Bengal,Medininagar,2022-10-13
CUST01742,Tushar Ramachandran,Corporate,Delhi,Gudivada,2025-12-16
CUST01743,Umang Sharaf,Home Office,Karnataka,Sri Ganganagar,2024-10-22
CUST01744,Ritvik Seshadri,Home Office,Tamil Nadu,Madhyamgram,2022-08-03
CUST01745,Divyansh Sha,Consumer,Tamil Nadu,Chinsurah,2022-06-11
CUST01746,Hrishita Bedi,Consumer,Gujarat,Khandwa,2025-09-01
CUST01747,Armaan Iyengar,Corporate,Maharashtra,Mira-Bhayandar,2025-03-02
CUST01748,Kavya Sura,Corporate,Karnataka,Aurangabad,2026-02-08
CUST01749,Faiyaz Swaminathan,Consumer,Rajasthan,Bhusawal,2021-06-24
CUST01750,Kavya Sule,Home Office,Tamil Nadu,Kavali,2024-04-06
CUST01751,Inaaya  Bassi,Home Office,Delhi,Tirupati,2025-01-21
CUST01752,Saanvi Ghose,Corporate,Maharashtra,Bhind,2021-11-21
CUST01753,Aaryahi Ranganathan,Home Office,Maharashtra,Kanpur,2023-07-08
CUST01754,Adah Zachariah,Consumer,Delhi,Lucknow,2023-11-14
CUST01755,Damini Bhardwaj,Corporate,Maharashtra,Pali,2026-05-10
CUST01756,Oorja Kalita,Consumer,Punjab,Muzaffarpur,2022-04-23
CUST01757,Kismat Bail,Consumer,Telangana,Ichalkaranji,2022-08-17
CUST01758,Eshani Goswami,Home Office,Uttar Pradesh,Ichalkaranji,2023-10-29
CUST01759,Amira Raja,Consumer,West Bengal,Karnal,2024-11-17
CUST01760,Anaya Samra,Home Office,Gujarat,Ghaziabad,2022-08-24
CUST01761,Jivika Maharaj,Consumer,Rajasthan,Kulti,2024-11-20
CUST01762,Aayush Deep,Home Office,Karnataka,Nashik,2022-11-06
CUST01763,Anaya Chaudhary,Corporate,Maharashtra,Jalgaon,2022-01-25
CUST01764,Taran Babu,Consumer,Rajasthan,Anantapuram,2023-12-03
CUST01765,Zeeshan Khare,Consumer,Maharashtra,New Delhi,2022-03-15
CUST01766,Divit Thaman,Consumer,Gujarat,Jehanabad,2024-10-01
CUST01767,Aniruddh Devi,Corporate,Tamil Nadu,Orai,2021-12-01
CUST01768,Alia Tella,Consumer,Rajasthan,Sagar,2022-11-20
CUST01769,Jiya Ganesh,Consumer,Karnataka,Khandwa,2025-04-08
CUST01770,Shamik Bala,Consumer,Telangana,Karawal Nagar,2023-05-14
CUST01771,Shanaya Toor,Home Office,West Bengal,Kamarhati,2021-11-01
CUST01772,Jayan Kumar,Home Office,Karnataka,Junagadh,2025-12-01
CUST01773,Ryan Wali,Corporate,Gujarat,Ulhasnagar,2024-07-18
CUST01774,Ishita Sekhon,Home Office,Delhi,Phagwara,2025-02-13
CUST01775,Lagan Goel,Home Office,Karnataka,Ranchi,2022-02-09
CUST01776,Dharmajan Chakraborty,Corporate,Punjab,Hajipur,2023-11-28
CUST01777,Zaina Mani,Home Office,Uttar Pradesh,Guntakal,2023-11-21
CUST01778,Ela Kamdar,Consumer,Maharashtra,Aurangabad,2023-12-16
CUST01779,Kartik Srivastava,Consumer,Karnataka,Bettiah,2024-07-08
CUST01780,Mohanlal Hora,Consumer,Punjab,Udupi,2023-10-25
CUST01781,Taran Agarwal,Home Office,Rajasthan,Haldia,2023-04-25
CUST01782,Darshit Date,Corporate,Rajasthan,Ambarnath,2025-04-29
CUST01783,Vedika Bose,Corporate,Karnataka,Silchar,2023-09-01
CUST01784,Umang Chacko,Consumer,Tamil Nadu,Ozhukarai,2025-06-06
CUST01785,Purab Atwal,Home Office,Maharashtra,Bhusawal,2024-08-04
CUST01786,Kartik Chand,Consumer,Telangana,Khandwa,2022-04-06
CUST01787,Divyansh Bhat,Home Office,Punjab,Kalyan-Dombivli,2022-07-01
CUST01788,Pari Dar,Home Office,Punjab,Anantapuram,2023-09-12
CUST01789,Faiyaz Dass,Corporate,West Bengal,Bilaspur,2023-12-30
CUST01790,Jhanvi Dave,Home Office,Tamil Nadu,Amaravati,2023-03-24
CUST01791,Jhanvi Hari,Consumer,Telangana,Mahbubnagar,2026-03-20
CUST01792,Trisha Singh,Home Office,Telangana,Motihari,2022-10-12
CUST01793,Anahi Chauhan,Consumer,Rajasthan,Bhilwara,2024-10-10
CUST01794,Vardaniya Sawhney,Corporate,West Bengal,Muzaffarpur,2022-02-05
CUST01795,Krish Chakrabarti,Consumer,Uttar Pradesh,Barasat,2022-01-06
CUST01796,Abram Sarna,Corporate,Maharashtra,Nellore,2021-08-15
CUST01797,Purab Setty,Consumer,Uttar Pradesh,New Delhi,2025-10-02
CUST01798,Kavya Ganesh,Home Office,Punjab,Berhampore,2021-08-11
CUST01799,Manjari Varma,Consumer,Telangana,Tadepalligudem,2026-03-30
CUST01800,Elakshi Choudhry,Consumer,Gujarat,Panipat,2023-08-28
CUST01801,Anahi Char,Corporate,Karnataka,Ramgarh,2021-09-25
CUST01802,Farhan Gill,Corporate,Punjab,Tenali,2025-07-15
CUST01803,Ahana  Ganguly,Corporate,Gujarat,Bharatpur,2021-06-01
CUST01804,Nirvi Kapoor,Home Office,Karnataka,Jamshedpur,2024-11-20
CUST01805,Samaira Zacharia,Corporate,Maharashtra,Mira-Bhayandar,2022-01-24
CUST01806,Tanya Maharaj,Consumer,Punjab,Katni,2024-07-26
CUST01807,Aarav Sarma,Consumer,West Bengal,Bihar Sharif,2023-01-13
CUST01808,Zara Rege,Corporate,Delhi,Thoothukudi,2022-04-12
CUST01809,Kiara Baral,Consumer,West Bengal,Gopalpur,2025-12-21
CUST01810,Yuvaan Dada,Corporate,Telangana,Nashik,2024-07-17
CUST01811,Zoya Shere,Corporate,Telangana,Hubli–Dharwad,2024-02-18
CUST01812,Aayush Dewan,Corporate,Rajasthan,Ghaziabad,2026-03-29
CUST01813,Armaan Mani,Home Office,Rajasthan,Patiala,2025-08-10
CUST01814,Shlok Dada,Consumer,Telangana,Kochi,2024-02-13
CUST01815,Samarth Sachar,Home Office,Punjab,Berhampur,2024-01-21
CUST01816,Raghav Biswas,Consumer,Tamil Nadu,Bellary,2024-04-30
CUST01817,Vihaan Iyer,Consumer,Tamil Nadu,Jhansi,2023-06-18
CUST01818,Vihaan Bedi,Consumer,Telangana,Korba,2022-03-08
CUST01819,Dhanuk Saraf,Consumer,Karnataka,Raipur,2023-12-24
CUST01820,Romil Kala,Home Office,Gujarat,Baranagar,2023-02-13
CUST01821,Taran Kapadia,Corporate,Punjab,Sri Ganganagar,2024-03-23
CUST01822,Biju Ahuja,Home Office,Maharashtra,Rajpur Sonarpur,2022-11-16
CUST01823,Gokul Garde,Corporate,Rajasthan,Bidhannagar,2022-06-26
CUST01824,Anika Bassi,Home Office,Delhi,Uluberia,2026-03-25
CUST01825,Abram Bajwa,Consumer,Delhi,Sultan Pur Majra,2021-12-14
CUST01826,Saira Kota,Consumer,Rajasthan,Unnao,2024-04-13
CUST01827,Arhaan Raman,Consumer,Uttar Pradesh,Phusro,2022-09-09
CUST01828,Aarav Lalla,Home Office,Punjab,Avadi,2022-02-27
CUST01829,Ivan Acharya,Consumer,Tamil Nadu,Deoghar,2022-02-22
CUST01830,Divij Sood,Home Office,Karnataka,Bhiwandi,2022-01-29
CUST01831,Hazel Guha,Consumer,West Bengal,Morbi,2022-05-05
CUST01832,Kiaan Korpal,Home Office,Karnataka,Dhule,2021-07-14
CUST01833,Kimaya Thakkar,Home Office,West Bengal,Bharatpur,2023-06-02
CUST01834,Chirag Saini,Consumer,Uttar Pradesh,Unnao,2026-04-05
CUST01835,Kiaan Kaul,Corporate,Telangana,Jhansi,2023-11-24
CUST01836,Elakshi Dhaliwal,Home Office,Tamil Nadu,Meerut,2022-08-10
CUST01837,Lavanya Ramaswamy,Consumer,Gujarat,Jaipur,2023-09-22
CUST01838,Manikya Ganesh,Consumer,Tamil Nadu,Bharatpur,2024-01-21
CUST01839,Amani Sathe,Home Office,Maharashtra,Aurangabad,2026-04-13
CUST01840,Ryan Saini,Consumer,Gujarat,Bihar Sharif,2021-11-21
CUST01841,Ivan Chacko,Corporate,Tamil Nadu,Jalandhar,2023-04-06
CUST01842,Reyansh Mall,Home Office,Maharashtra,Haldia,2022-12-16
CUST01843,Aradhya Gupta,Corporate,Punjab,Pali,2026-04-24
CUST01844,Azad Shah,Home Office,Maharashtra,Hosur,2024-01-19
CUST01845,Misha Ramesh,Corporate,Uttar Pradesh,North Dumdum,2022-08-30
CUST01846,Anahita Sood,Home Office,Gujarat,Jalandhar,2024-11-14
CUST01847,Kashvi Gole,Consumer,Uttar Pradesh,Hubli–Dharwad,2024-02-02
CUST01848,Yakshit Bhatia,Home Office,Karnataka,Katihar,2023-01-26
CUST01849,Hridaan Trivedi,Corporate,Karnataka,Bhagalpur,2025-01-24
CUST01850,Jayant Khatri,Corporate,Maharashtra,Kakinada,2021-07-29
CUST01851,Jhanvi Sidhu,Home Office,Maharashtra,Akola,2023-01-27
CUST01852,Aradhya Sodhi,Consumer,Telangana,Eluru,2024-09-18
CUST01853,Dhanush Balay,Consumer,West Bengal,Warangal,2022-12-15
CUST01854,Indranil Chopra,Consumer,Delhi,Anantapur,2022-07-27
CUST01855,Nakul Dara,Consumer,Uttar Pradesh,Thoothukudi,2025-06-25
CUST01856,Ivana Rout,Corporate,Rajasthan,Dindigul,2025-03-21
CUST01857,Amani Kara,Consumer,Karnataka,Aurangabad,2025-02-27
CUST01858,Neysa Brahmbhatt,Consumer,Telangana,Phusro,2025-07-27
CUST01859,Kiara Bajaj,Home Office,Rajasthan,South Dumdum,2025-01-26
CUST01860,Indranil Babu,Consumer,Gujarat,Gaya,2025-10-27
CUST01861,Vedika Lad,Consumer,Rajasthan,Morbi,2022-06-18
CUST01862,Indrans Behl,Home Office,Gujarat,Rewa,2025-04-27
CUST01863,Hazel Bhavsar,Corporate,Maharashtra,Mirzapur,2026-05-08
CUST01864,Anika Kalla,Home Office,Gujarat,Silchar,2024-11-19
CUST01865,Rasha Kaur,Consumer,Telangana,Firozabad,2023-02-26
CUST01866,Madhup Trivedi,Home Office,West Bengal,Khora ,2025-06-22
CUST01867,Manjari Som,Consumer,Delhi,Loni,2025-12-10
CUST01868,Akarsh Mahajan,Home Office,West Bengal,Kochi,2024-07-13
CUST01869,Jiya Sunder,Corporate,Maharashtra,Thrissur,2024-08-21
CUST01870,Ranbir Kohli,Corporate,Tamil Nadu,Sagar,2025-04-16
CUST01871,Azad Sangha,Corporate,Gujarat,Arrah,2024-11-02
CUST01872,Zain Chhabra,Consumer,Telangana,Berhampur,2024-10-12
CUST01873,Zain Goda,Corporate,West Bengal,Jehanabad,2023-11-04
CUST01874,Navya Dutt,Corporate,Delhi,Tinsukia,2022-08-07
CUST01875,Umang Ganguly,Corporate,Punjab,Pondicherry,2024-06-21
CUST01876,Sana Bava,Corporate,Punjab,Thane,2023-01-25
CUST01877,Ojas Sethi,Consumer,Uttar Pradesh,Davanagere,2022-09-02
CUST01878,Lavanya Bandi,Corporate,Punjab,Bhind,2021-10-22
CUST01879,Dhruv Ahuja,Corporate,Delhi,Bahraich,2022-06-14
CUST01880,Nirvaan Agate,Home Office,Telangana,Pune,2022-05-11
CUST01881,Navya Dhar,Consumer,Karnataka,Hazaribagh,2021-09-15
CUST01882,Rania Sawhney,Consumer,Rajasthan,Hapur,2022-03-21
CUST01883,Ritvik Shah,Consumer,Delhi,Rewa,2025-06-24
CUST01884,Manjari Mangat,Home Office,Gujarat,Shimla,2025-10-24
CUST01885,Romil Sundaram,Home Office,West Bengal,Bhilai,2023-11-25
CUST01886,Mannat Acharya,Corporate,West Bengal,Burhanpur,2023-01-06
CUST01887,Saanvi Kibe,Home Office,Rajasthan,Berhampore,2021-11-22
CUST01888,Kavya Bose,Home Office,Tamil Nadu,Satna,2024-05-10
CUST01889,Elakshi Walla,Consumer,Delhi,Shimoga,2023-09-28
CUST01890,Kismat Khanna,Home Office,Delhi,Khammam,2023-06-18
CUST01891,Ishita Kurian,Corporate,Uttar Pradesh,Loni,2021-09-22
CUST01892,Mohanlal Samra,Consumer,Karnataka,Anand,2024-04-20
CUST01893,Shayak Sachar,Home Office,Tamil Nadu,Surendranagar Dudhrej,2026-04-27
CUST01894,Divit Bakshi,Consumer,West Bengal,Faridabad,2021-12-27
CUST01895,Aradhya Raju,Consumer,Telangana,Karimnagar,2024-07-30
CUST01896,Darshit Chacko,Corporate,Gujarat,Jamnagar,2023-07-01
CUST01897,Ira Vaidya,Corporate,Maharashtra,Navi Mumbai,2026-04-11
CUST01898,Tiya Konda,Home Office,Maharashtra,Hospet,2023-11-14
CUST01899,Heer Lal,Home Office,Karnataka,Junagadh,2025-03-02
CUST01900,Lakshit Karan,Home Office,Rajasthan,Shivpuri,2026-05-14
CUST01901,Armaan Sha,Consumer,Punjab,Madhyamgram,2022-03-22
CUST01902,Vanya Sethi,Home Office,West Bengal,Srinagar,2025-08-10
CUST01903,Madhav Banik,Corporate,Karnataka,Kavali,2025-10-15
CUST01904,Indrajit Bahl,Consumer,Tamil Nadu,Kochi,2022-10-23
CUST01905,Fateh Ganesh,Corporate,Gujarat,Mumbai,2023-12-07
CUST01906,Azad Wagle,Corporate,Gujarat,Danapur,2021-10-06
CUST01907,Kavya Shroff,Corporate,Uttar Pradesh,Bhatpara,2022-06-09
CUST01908,Armaan Biswas,Corporate,Delhi,Pimpri-Chinchwad,2024-10-23
CUST01909,Indrajit Dora,Consumer,Delhi,Rajahmundry,2022-08-31
CUST01910,Stuvan Das,Consumer,Punjab,Haldia,2024-10-23
CUST01911,Umang Sampath,Consumer,Karnataka,Satara,2023-05-05
CUST01912,Bhamini Din,Consumer,Karnataka,Rampur,2022-09-17
CUST01913,Yasmin Loke,Corporate,Uttar Pradesh,Bathinda,2024-09-18
CUST01914,Sara Gaba,Corporate,Rajasthan,Vellore,2024-07-12
CUST01915,Madhav Chokshi,Consumer,Telangana,Naihati,2021-12-23
CUST01916,Damini Lad,Corporate,Delhi,Ichalkaranji,2024-07-20
CUST01917,Neelofar Vaidya,Corporate,Tamil Nadu,Chennai,2022-12-20
CUST01918,Siya Manne,Corporate,Tamil Nadu,Ratlam,2022-06-10
CUST01919,Eva Sharaf,Consumer,Maharashtra,Dehri,2025-03-22
CUST01920,Yuvaan Shanker,Consumer,Tamil Nadu,Pallavaram,2026-02-12
CUST01921,Rhea Sane,Home Office,Punjab,Kharagpur,2023-01-08
CUST01922,Anay Ramesh,Consumer,Delhi,Baranagar,2024-04-19
CUST01923,Jhanvi Borah,Corporate,Karnataka,Ballia,2022-08-04
CUST01924,Kismat Chaudhry,Consumer,Delhi,Gulbarga,2023-10-30
CUST01925,Jayesh Sami,Corporate,Rajasthan,Vijayawada,2023-02-25
CUST01926,Indranil Gera,Home Office,West Bengal,Kharagpur,2025-04-01
CUST01927,Siya Sani,Home Office,Tamil Nadu,Pudukkottai,2022-04-21
CUST01928,Anvi Vohra,Corporate,Karnataka,Moradabad,2025-03-08
CUST01929,Raghav Dhawan,Consumer,Rajasthan,Mahbubnagar,2023-07-14
CUST01930,Lakshit Dhillon,Corporate,Telangana,Gandhidham,2023-11-22
CUST01931,Armaan Bhardwaj,Home Office,Telangana,Dehradun,2022-09-29
CUST01932,Ivana Bhattacharyya,Consumer,Maharashtra,Uluberia,2025-08-06
CUST01933,Divij De,Corporate,Maharashtra,Satara,2024-05-28
CUST01934,Heer Borah,Consumer,Maharashtra,Panvel,2024-06-20
CUST01935,Darshit Chanda,Consumer,West Bengal,New Delhi,2025-10-30
CUST01936,Yashvi Viswanathan,Consumer,Karnataka,Karaikudi,2022-06-14
CUST01937,Himmat Baria,Consumer,Rajasthan,Satara,2024-12-16
CUST01938,Abram Kurian,Corporate,Maharashtra,Jalgaon,2024-12-31
CUST01939,Fateh Srinivasan,Home Office,Punjab,Anantapuram,2023-05-08
CUST01940,Jivika Mallick,Corporate,Maharashtra,Medininagar,2021-09-29
CUST01941,Ishita Mani,Consumer,Maharashtra,Dhanbad,2022-07-17
CUST01942,Mannat Chopra,Consumer,Uttar Pradesh,Khandwa,2025-10-24
CUST01943,Ranbir Rana,Consumer,Maharashtra,Tadipatri,2022-08-17
CUST01944,Aaryahi Bassi,Corporate,Maharashtra,Bhalswa Jahangir Pur,2023-09-17
CUST01945,Zaina Kulkarni,Consumer,Uttar Pradesh,Bhimavaram,2021-09-25
CUST01946,Anahita Devan,Consumer,Karnataka,Shahjahanpur,2026-04-24
CUST01947,Uthkarsh Madan,Home Office,Rajasthan,Malegaon,2024-12-26
CUST01948,Nakul Biswas,Home Office,Rajasthan,Burhanpur,2022-12-10
CUST01949,Raunak Bhatia,Corporate,West Bengal,Burhanpur,2025-06-19
CUST01950,Yashvi Shetty,Corporate,Rajasthan,Mumbai,2022-01-17
CUST01951,Nakul Johal,Consumer,Gujarat,Bahraich,2024-05-08
CUST01952,Hridaan Chokshi,Consumer,Karnataka,Khora ,2024-12-14
CUST01953,Manikya Srinivas,Corporate,Tamil Nadu,Udaipur,2026-03-22
CUST01954,Ehsaan Walia,Corporate,Karnataka,Mysore,2025-11-06
CUST01955,Umang Gade,Consumer,Punjab,Imphal,2025-12-20
CUST01956,Nirvi Vohra,Home Office,Punjab,Panchkula,2021-08-03
CUST01957,Prisha Gala,Consumer,Tamil Nadu,New Delhi,2022-02-04
CUST01958,Mehul Chad,Corporate,Rajasthan,Bidhannagar,2024-12-28
CUST01959,Bhavin Kibe,Home Office,Uttar Pradesh,Ballia,2022-03-27
CUST01960,Neelofar Varty,Consumer,Maharashtra,Shahjahanpur,2022-07-02
CUST01961,Aarav Deep,Corporate,Rajasthan,Burhanpur,2024-10-22
CUST01962,Dhanush Rastogi,Consumer,Rajasthan,Ongole,2026-01-24
CUST01963,Dhanuk Bobal,Consumer,Telangana,Maheshtala,2021-11-25
CUST01964,Jayesh Mani,Consumer,Telangana,Meerut,2024-12-26
CUST01965,Heer Sarkar,Consumer,Rajasthan,Sonipat,2025-01-01
CUST01966,Aaina Shan,Home Office,Gujarat,Bikaner,2026-03-14
CUST01967,Diya Ramanathan,Corporate,Telangana,Shimoga,2023-05-31
CUST01968,Inaaya  Tak,Corporate,Gujarat,Haldia,2022-11-22
CUST01969,Miraan Babu,Home Office,Telangana,Nizamabad,2021-11-04
CUST01970,Lakshay Srivastava,Corporate,Rajasthan,Hosur,2023-03-06
CUST01971,Myra Ahuja,Corporate,Karnataka,Visakhapatnam,2023-12-18
CUST01972,Dhanush Butala,Consumer,Gujarat,Gulbarga,2025-10-06
CUST01973,Ela Dasgupta,Home Office,Delhi,Bahraich,2025-12-28
CUST01974,Anika Yogi,Consumer,Tamil Nadu,Dharmavaram,2025-10-10
CUST01975,Nirvi Chahal,Consumer,Uttar Pradesh,Raichur,2025-02-03
CUST01976,Aaina Madan,Home Office,Gujarat,Thane,2021-08-09
CUST01977,Ahana  Gokhale,Home Office,Delhi,Bareilly,2026-02-09
CUST01978,Hiran Sem,Consumer,Maharashtra,Karimnagar,2023-10-07
CUST01979,Myra Basu,Consumer,Delhi,Uluberia,2025-08-08
CUST01980,Vivaan Bawa,Corporate,Telangana,Bijapur,2023-07-08
CUST01981,Shayak Chaudhary,Home Office,West Bengal,Bhilwara,2024-09-18
CUST01982,Kartik Kadakia,Consumer,Punjab,Asansol,2023-10-02
CUST01983,Hrishita Ravi,Corporate,Gujarat,Kolhapur,2026-03-27
CUST01984,Yasmin Talwar,Consumer,Karnataka,Uluberia,2025-02-09
CUST01985,Advika Dugar,Consumer,Punjab,Karawal Nagar,2025-05-19
CUST01986,Lavanya Tiwari,Corporate,Gujarat,Sasaram,2023-02-08
CUST01987,Alia Desai,Home Office,West Bengal,Muzaffarpur,2024-03-24
CUST01988,Yuvaan Doctor,Home Office,Gujarat,Bongaigaon,2024-06-06
CUST01989,Taran Ramakrishnan,Home Office,Punjab,Berhampur,2024-02-01
CUST01990,Anvi Borra,Consumer,Punjab,Narasaraopet,2024-07-16
CUST01991,Shlok Chaudry,Consumer,Uttar Pradesh,Junagadh,2024-06-13
CUST01992,Miraan Borra,Home Office,Tamil Nadu,Gwalior,2023-05-23
CUST01993,Shalv Trivedi,Consumer,Uttar Pradesh,Eluru,2023-11-12
CUST01994,Aaina Sodhi,Consumer,Maharashtra,Dharmavaram,2025-02-23
CUST01995,Hiran Vasa,Consumer,Delhi,Chittoor,2025-09-11
CUST01996,Ritvik Khatri,Home Office,Delhi,Proddatur,2025-07-13
CUST01997,Yasmin Yogi,Consumer,Telangana,Latur,2025-08-02
CUST01998,Chirag Shetty,Corporate,West Bengal,Nizamabad,2026-04-16
CUST01999,Mishti Kohli,Corporate,Punjab,Anantapur,2024-09-28
CUST02000,Aaina Dass,Consumer,Karnataka,Sambhal,2026-01-19
CUST02001,Shanaya Sidhu,Corporate,Karnataka,Latur,2024-07-20
CUST02002,Samiha Gole,Corporate,West Bengal,Gudivada,2025-05-05
CUST02003,Aarush Yohannan,Consumer,Karnataka,Nanded,2025-04-14
CUST02004,Khushi Kara,Home Office,Karnataka,Kavali,2022-07-11
CUST02005,Nitara Jani,Consumer,Telangana,Gorakhpur,2022-10-01
CUST02006,Drishya Sule,Corporate,Maharashtra,Deoghar,2023-06-16
CUST02007,Kashvi Dhawan,Corporate,Rajasthan,Thane,2025-07-20
CUST02008,Pari Khosla,Home Office,Maharashtra,Ratlam,2024-08-07
CUST02009,Manjari Ganguly,Corporate,Tamil Nadu,Jalna,2024-05-23
CUST02010,Hiran Bhatt,Corporate,Karnataka,Ramgarh,2022-05-03
CUST02011,Ojas Goda,Consumer,Rajasthan,Ambattur,2023-10-10
CUST02012,Aarav Sule,Home Office,Uttar Pradesh,Phusro,2021-07-06
CUST02013,Vanya Ghose,Home Office,Gujarat,Bilaspur,2025-01-30
CUST02014,Dharmajan Sharaf,Consumer,Telangana,Latur,2025-01-04
CUST02015,Piya Rege,Home Office,Punjab,Unnao,2025-12-02
CUST02016,Lakshay Hans,Corporate,Delhi,Chittoor,2022-11-27
CUST02017,Tejas Kapoor,Home Office,Punjab,Bhusawal,2023-01-18
CUST02018,Aarav Ben,Consumer,Rajasthan,Asansol,2023-09-16
CUST02019,Siya Mannan,Corporate,Tamil Nadu,Nashik,2026-05-12
CUST02020,Aradhya Varma,Consumer,Karnataka,Arrah,2022-06-11
CUST02021,Sahil Vyas,Home Office,West Bengal,Pallavaram,2024-11-21
CUST02022,Jiya Shenoy,Home Office,Punjab,Ramagundam,2022-10-26
CUST02023,Ivan Venkataraman,Corporate,Punjab,Mango,2021-10-10
CUST02024,Dhanush Kala,Consumer,Karnataka,Guna,2026-01-04
CUST02025,Kartik Vora,Home Office,Gujarat,Chennai,2026-05-11
CUST02026,Samar Mahajan,Home Office,Delhi,Pali,2025-09-26
CUST02027,Heer Deol,Home Office,Punjab,Bhagalpur,2026-05-12
CUST02028,Charvi Joshi,Consumer,Uttar Pradesh,Mira-Bhayandar,2022-04-12
CUST02029,Pranay Khare,Consumer,Gujarat,Gulbarga,2026-03-21
CUST02030,Ela Dave,Home Office,Maharashtra,Tenali,2023-04-07
CUST02031,Samaira Rao,Consumer,Gujarat,Patiala,2021-06-21
CUST02032,Mahika Sibal,Corporate,Karnataka,Davanagere,2025-10-23
CUST02033,Advik Srivastava,Home Office,Maharashtra,Ahmednagar,2024-11-26
CUST02034,Aarna Agate,Home Office,Gujarat,Karaikudi,2025-08-02
CUST02035,Amani Sarraf,Corporate,West Bengal,Bhiwani,2023-01-06
CUST02036,Priyansh Bassi,Corporate,Delhi,Rewa,2024-09-11
CUST02037,Mamooty Sami,Consumer,Maharashtra,Ulhasnagar,2025-09-11
CUST02038,Kartik Dara,Corporate,Tamil Nadu,Bikaner,2023-09-21
CUST02039,Mannat Saha,Consumer,West Bengal,Jabalpur,2025-09-22
CUST02040,Mannat Choudhry,Consumer,Rajasthan,Ghaziabad,2023-09-09
CUST02041,Khushi Sankar,Corporate,Rajasthan,Pallavaram,2024-12-22
CUST02042,Anika Sankar,Consumer,Rajasthan,Howrah,2024-06-15
CUST02043,Nishith Sarin,Corporate,Rajasthan,Mahbubnagar,2026-02-06
CUST02044,Pranay Singh,Corporate,Telangana,Amritsar,2021-06-02
CUST02045,Divyansh Toor,Corporate,Maharashtra,Raipur,2025-08-17
CUST02046,Veer Soman,Corporate,Punjab,Bareilly,2024-11-08
CUST02047,Priyansh Jha,Home Office,Delhi,Sambhal,2021-12-20
CUST02048,Gokul Sood,Consumer,Uttar Pradesh,Ozhukarai,2022-08-06
CUST02049,Baiju Guha,Consumer,West Bengal,Gangtok,2022-05-27
CUST02050,Hridaan Saha,Corporate,West Bengal,Ambattur,2025-07-18
CUST02051,Indranil Anand,Corporate,Tamil Nadu,Munger,2023-03-26
CUST02052,Krish Sinha,Consumer,Maharashtra,Salem,2022-09-03
CUST02053,Samarth Balasubramanian,Corporate,Karnataka,Rajkot,2025-03-12
CUST02054,Jivika Ahluwalia,Corporate,Karnataka,Ongole,2021-12-31
CUST02055,Zeeshan Kant,Home Office,Maharashtra,Bhiwani,2025-02-19
CUST02056,Tara Konda,Home Office,Maharashtra,Pallavaram,2025-04-23
CUST02057,Prisha Chakraborty,Corporate,Punjab,Chinsurah,2025-04-01
CUST02058,Ritvik Din,Home Office,Uttar Pradesh,Ghaziabad,2023-05-14
CUST02059,Ela Sanghvi,Home Office,West Bengal,Bhusawal,2023-04-08
CUST02060,Ojas Agarwal,Corporate,Karnataka,Chandigarh,2023-12-08
CUST02061,Kabir Kar,Home Office,Rajasthan,Kakinada,2022-10-19
CUST02062,Drishya Shetty,Consumer,West Bengal,Satna,2022-02-18
CUST02063,Shanaya Jain,Consumer,Gujarat,Bhopal,2022-07-17
CUST02064,Tanya Choudhury,Consumer,Delhi,Muzaffarnagar,2021-08-11
CUST02065,Dharmajan Apte,Corporate,Telangana,Durgapur,2023-10-01
CUST02066,Devansh Agrawal,Home Office,Telangana,Malda,2022-12-05
CUST02067,Ira Ghose,Corporate,Tamil Nadu,Muzaffarpur,2021-07-06
CUST02068,Alia Chaudry,Corporate,Delhi,Bhavnagar,2023-01-07
CUST02069,Dhanuk Sekhon,Consumer,West Bengal,Hapur,2026-05-10
CUST02070,Indrajit Kara,Corporate,Punjab,Muzaffarnagar,2022-06-11
CUST02071,Aradhya Chahal,Home Office,Uttar Pradesh,Jehanabad,2024-03-03
CUST02072,Raghav Bajwa,Consumer,West Bengal,Ujjain,2024-07-16
CUST02073,Badal Bath,Corporate,West Bengal,Cuttack,2021-06-19
CUST02074,Vaibhav Bala,Corporate,Maharashtra,Bhubaneswar,2024-11-03
CUST02075,Anya Gupta,Corporate,Punjab,Chapra,2023-09-22
CUST02076,Misha Khare,Corporate,Delhi,Kishanganj,2024-06-12
CUST02077,Rasha Doshi,Consumer,West Bengal,Sikar,2024-12-31
CUST02078,Zoya Kothari,Consumer,Karnataka,Indore,2022-04-21
CUST02079,Tara Chana,Home Office,Tamil Nadu,North Dumdum,2021-05-21
CUST02080,Shamik Bora,Consumer,Uttar Pradesh,Nizamabad,2026-01-20
CUST02081,Miraya Ben,Consumer,Tamil Nadu,Sagar,2024-02-15
CUST02082,Adah Ganguly,Corporate,Uttar Pradesh,Gangtok,2025-10-19
CUST02083,Fateh Handa,Corporate,Tamil Nadu,Thoothukudi,2021-12-24
CUST02084,Kavya Iyer,Consumer,Telangana,Ghaziabad,2024-11-15
CUST02085,Saksham Bansal,Corporate,Karnataka,Sagar,2025-08-19
CUST02086,Yuvaan Sankaran,Corporate,Rajasthan,Vellore,2022-02-21
CUST02087,Aarna Rau,Corporate,Karnataka,Moradabad,2021-11-27
CUST02088,Mehul Lal,Corporate,West Bengal,Madhyamgram,2022-05-31
CUST02089,Jivika Maharaj,Corporate,Uttar Pradesh,Vijayanagaram,2022-08-08
CUST02090,Eshani Rana,Corporate,Tamil Nadu,Kanpur,2026-03-05
CUST02091,Dhanush Doctor,Consumer,Tamil Nadu,Sri Ganganagar,2022-02-14
CUST02092,Ehsaan Halder,Home Office,West Bengal,Anand,2026-04-21
CUST02093,Samaira Bhandari,Consumer,Maharashtra,Coimbatore,2022-08-29
CUST02094,Mamooty Malhotra,Consumer,Gujarat,Kadapa,2021-08-10
CUST02095,Gatik Bhargava,Home Office,Rajasthan,Amroha,2024-12-07
CUST02096,Krish Dewan,Home Office,Delhi,Gudivada,2022-07-05
CUST02097,Vaibhav Kapoor,Home Office,West Bengal,Kollam,2025-02-17
CUST02098,Kashvi De,Corporate,Telangana,Suryapet,2024-03-17
CUST02099,Riya Ray,Corporate,Telangana,Hapur,2025-12-13
CUST02100,Prerak Ramaswamy,Home Office,Uttar Pradesh,Alappuzha,2022-05-19
CUST02101,Myra Gala,Home Office,Delhi,Bettiah,2024-11-13
CUST02102,Ishita Kashyap,Corporate,Tamil Nadu,Nagpur,2023-08-28
CUST02103,Vardaniya Vaidya,Consumer,Rajasthan,Kozhikode,2023-01-13
CUST02104,Armaan Gulati,Home Office,West Bengal,Jodhpur,2021-07-28
CUST02105,Biju Sarna,Home Office,Punjab,Unnao,2023-01-26
CUST02106,Adah Gera,Home Office,Punjab,Uluberia,2022-05-19
CUST02107,Manikya Kapoor,Home Office,Punjab,Bidhannagar,2023-09-27
CUST02108,Vidur Trivedi,Consumer,Maharashtra,Bhalswa Jahangir Pur,2021-12-08
CUST02109,Kavya Talwar,Corporate,Karnataka,Cuttack,2024-09-13
CUST02110,Jhanvi Hora,Consumer,Delhi,Ambarnath,2021-10-15
CUST02111,Kiaan Tata,Consumer,Karnataka,Proddatur,2024-03-27
CUST02112,Samarth Koshy,Consumer,Rajasthan,Mau,2023-01-24
CUST02113,Umang Gara,Consumer,Rajasthan,Udaipur,2022-08-26
CUST02114,Saksham Lal,Consumer,Karnataka,Thrissur,2024-04-25
CUST02115,Nehmat Chanda,Home Office,Tamil Nadu,Hosur,2025-10-10
CUST02116,Anay Singhal,Corporate,Maharashtra,Nagercoil,2025-09-06
CUST02117,Ahana  Sami,Consumer,Rajasthan,Avadi,2021-07-01
CUST02118,Oorja Bobal,Home Office,Rajasthan,Mysore,2021-09-09
CUST02119,Renee Rege,Home Office,Gujarat,Asansol,2024-06-05
CUST02120,Zain Lanka,Corporate,Telangana,Agartala,2022-11-05
CUST02121,Hunar Buch,Corporate,West Bengal,Mahbubnagar,2023-08-17
CUST02122,Hrishita Dutta,Home Office,Punjab,Cuttack,2023-11-30
CUST02123,Yuvraj  Rau,Home Office,Telangana,Bardhaman,2025-04-26
CUST02124,Heer Seshadri,Corporate,Maharashtra,Bihar Sharif,2022-03-31
CUST02125,Bhamini Chokshi,Corporate,Karnataka,Sultan Pur Majra,2025-01-25
CUST02126,Tarini Ahluwalia,Consumer,Punjab,Tadipatri,2023-08-22
CUST02127,Riaan Lall,Home Office,Punjab,Hubli–Dharwad,2024-04-23
CUST02128,Hiran Date,Consumer,Maharashtra,Bhiwandi,2023-11-09
CUST02129,Lakshit Hayre,Home Office,Maharashtra,Gandhinagar,2023-01-26
CUST02130,Advik Singhal,Corporate,Telangana,Chittoor,2024-11-06
CUST02131,Vihaan Gara,Corporate,Rajasthan,Delhi,2022-01-29
CUST02132,Hiran Bahl,Corporate,Rajasthan,Kumbakonam,2024-08-24
CUST02133,Azad Samra,Home Office,Uttar Pradesh,Tadipatri,2021-07-09
CUST02134,Sara Ramaswamy,Home Office,Punjab,Bhubaneswar,2022-06-13
CUST02135,Mohanlal Sur,Corporate,West Bengal,Chapra,2024-11-25
CUST02136,Khushi Sawhney,Consumer,Tamil Nadu,Miryalaguda,2025-02-16
CUST02137,Anahi Ratta,Corporate,Karnataka,Jammu,2025-12-20
CUST02138,Inaaya  Bali,Home Office,Punjab,Berhampore,2021-11-19
CUST02139,Myra Bath,Home Office,Rajasthan,Singrauli,2024-05-17
CUST02140,Gokul Bhasin,Consumer,Rajasthan,Mira-Bhayandar,2022-03-27
CUST02141,Seher Mahal,Corporate,Delhi,Hapur,2025-09-21
CUST02142,Neysa Wadhwa,Consumer,Uttar Pradesh,Tirunelveli,2024-10-12
CUST02143,Aarush Sen,Corporate,Gujarat,Aurangabad,2025-04-01
CUST02144,Gokul Vyas,Consumer,Gujarat,Meerut,2024-08-25
CUST02145,Mohanlal Balasubramanian,Corporate,Tamil Nadu,Loni,2023-04-13
CUST02146,Yuvraj  Chandra,Corporate,Uttar Pradesh,Kakinada,2022-09-11
CUST02147,Farhan Seshadri,Home Office,Maharashtra,Durgapur,2023-10-28
CUST02148,Ehsaan Ahuja,Consumer,Karnataka,Rourkela,2025-07-26
CUST02149,Yuvraj  Kulkarni,Corporate,Uttar Pradesh,South Dumdum,2023-05-30
CUST02150,Ivana Srinivas,Corporate,Tamil Nadu,Durg,2026-03-04
CUST02151,Tejas Gopal,Home Office,Rajasthan,Raiganj,2022-05-07
CUST02152,Mishti Gokhale,Home Office,Maharashtra,Malda,2025-05-11
CUST02153,Jayesh Amble,Consumer,Uttar Pradesh,Bareilly,2023-05-13
CUST02154,Saanvi Choudhary,Consumer,Rajasthan,Mehsana,2025-09-02
CUST02155,Samaira Devan,Home Office,Uttar Pradesh,Gudivada,2024-04-08
CUST02156,Kanav Shere,Home Office,Gujarat,Jamnagar,2026-03-15
CUST02157,Lakshit Sharma,Consumer,Telangana,Tezpur,2023-11-01
CUST02158,Piya Chopra,Consumer,Maharashtra,Kakinada,2024-06-15
CUST02159,Devansh Saini,Corporate,Telangana,Phagwara,2021-09-22
CUST02160,Divyansh Bajwa,Corporate,Karnataka,Mangalore,2022-02-27
CUST02161,Hiran Yohannan,Home Office,Punjab,Etawah,2023-04-02
CUST02162,Shanaya Dash,Consumer,Karnataka,Navi Mumbai,2025-09-01
CUST02163,Renee Arya,Consumer,Delhi,Deoghar,2024-07-09
CUST02164,Jhanvi Kashyap,Consumer,Delhi,Patna,2022-11-01
CUST02165,Kavya Dubey,Consumer,Uttar Pradesh,Dindigul,2021-07-07
CUST02166,Ishaan Karpe,Consumer,Gujarat,Rampur,2024-06-01
CUST02167,Gatik Sule,Home Office,Delhi,Bhilwara,2023-08-07
CUST02168,Lavanya Dara,Corporate,Gujarat,Satna,2023-10-09
CUST02169,Advika Sarkar,Corporate,Telangana,Tiruvottiyur,2023-12-01
CUST02170,Shamik Aurora,Corporate,Maharashtra,Jammu,2023-02-23
CUST02171,Veer Varkey,Home Office,West Bengal,Ghaziabad,2025-03-15
CUST02172,Prisha Sani,Consumer,Gujarat,Tirunelveli,2021-08-17
CUST02173,Bhamini Keer,Corporate,Punjab,Berhampore,2025-05-20
CUST02174,Heer Varkey,Corporate,Karnataka,Bhagalpur,2022-08-23
CUST02175,Saksham Bala,Corporate,Punjab,Bhilai,2022-03-18
CUST02176,Dhanuk Kota,Home Office,Gujarat,Arrah,2024-02-07
CUST02177,Pihu Lad,Corporate,Karnataka,Sri Ganganagar,2023-06-18
CUST02178,Anvi Rattan,Corporate,Maharashtra,Danapur,2022-12-08
CUST02179,Divyansh Yadav,Corporate,West Bengal,Medininagar,2021-08-11
CUST02180,Samar Manda,Corporate,West Bengal,Hosur,2023-04-26
CUST02181,Mishti Din,Consumer,Punjab,Sikar,2026-03-12
CUST02182,Darshit Sanghvi,Consumer,Delhi,Sambalpur,2023-01-20
CUST02183,Zara Tara,Home Office,Delhi,Morena,2025-08-28
CUST02184,Hiran Tiwari,Home Office,Delhi,Dehri,2025-10-04
CUST02185,Mehul Dhingra,Corporate,Rajasthan,Tiruchirappalli,2023-03-24
CUST02186,Nehmat Bains,Home Office,West Bengal,Tenali,2024-12-13
CUST02187,Veer Subramanian,Home Office,West Bengal,Jaunpur,2022-06-23
CUST02188,Yuvaan Ben,Corporate,Karnataka,Tirupati,2025-11-07
CUST02189,Amani Dasgupta,Home Office,Karnataka,Jalandhar,2023-04-05
CUST02190,Prisha Chauhan,Home Office,West Bengal,Kishanganj,2023-06-22
CUST02191,Nitya Rajan,Consumer,Tamil Nadu,Bahraich,2023-02-10
CUST02192,Farhan Bhakta,Home Office,Tamil Nadu,Katni,2025-11-12
CUST02193,Zoya Bobal,Home Office,Tamil Nadu,Siliguri,2023-11-07
CUST02194,Rasha Ranganathan,Corporate,Rajasthan,Thrissur,2024-06-21
CUST02195,Rasha Shankar,Corporate,Uttar Pradesh,Katihar,2022-05-31
CUST02196,Miraan Rajagopalan,Corporate,Delhi,Mangalore,2025-10-22
CUST02197,Lagan Kothari,Corporate,Tamil Nadu,Mango,2022-09-18
CUST02198,Misha D’Alia,Home Office,Telangana,Ambattur,2024-04-15
CUST02199,Badal Venkatesh,Home Office,Rajasthan,Chennai,2022-09-14
CUST02200,Anahi Chadha,Home Office,Maharashtra,Durgapur,2024-01-25
CUST02201,Yuvraj  Kale,Consumer,Telangana,Khammam,2023-04-09
CUST02202,Raunak Sastry,Home Office,Gujarat,Raipur,2025-09-24
CUST02203,Lakshay Ram,Home Office,Punjab,Ghaziabad,2024-03-24
CUST02204,Rohan Chandra,Home Office,Tamil Nadu,Malegaon,2021-10-09
CUST02205,Hridaan Agate,Corporate,Maharashtra,Bhalswa Jahangir Pur,2021-10-03
CUST02206,Fateh Iyer,Corporate,Maharashtra,Pune,2021-06-22
CUST02207,Vivaan Rege,Corporate,Tamil Nadu,Ghaziabad,2024-01-26
CUST02208,Madhav Ahluwalia,Home Office,Gujarat,Kavali,2023-12-27
CUST02209,Prerak Dube,Corporate,Tamil Nadu,Bidar,2023-02-18
CUST02210,Hunar Sood,Home Office,Tamil Nadu,Srinagar,2023-08-27
CUST02211,Fateh Sandal,Consumer,Karnataka,Shimoga,2022-10-14
CUST02212,Kartik Acharya,Home Office,Delhi,South Dumdum,2026-03-18
CUST02213,Sara Shere,Consumer,Punjab,Tiruvottiyur,2026-02-08
CUST02214,Manikya Kant,Corporate,Gujarat,Jamshedpur,2021-06-21
CUST02215,Jivika Vaidya,Home Office,Karnataka,Tirupati,2021-11-22
CUST02216,Mannat Lad,Home Office,West Bengal,Purnia,2021-05-21
CUST02217,Devansh Sura,Home Office,Uttar Pradesh,Gwalior,2022-11-15
CUST02218,Hridaan Madan,Corporate,Tamil Nadu,Shahjahanpur,2022-11-30
CUST02219,Urvi Anand,Corporate,Rajasthan,Korba,2025-01-14
CUST02220,Devansh Gala,Corporate,West Bengal,Siliguri,2023-01-07
CUST02221,Aaryahi Bahri,Home Office,Punjab,Adoni,2022-01-13
CUST02222,Taran Dey,Consumer,Gujarat,Mira-Bhayandar,2023-10-14
CUST02223,Hridaan Dugar,Home Office,Delhi,Ludhiana,2023-07-02
CUST02224,Misha Dubey,Home Office,Telangana,Bhatpara,2024-11-14
CUST02225,Yakshit Banik,Home Office,Uttar Pradesh,Avadi,2022-01-01
CUST02226,Akarsh Barad,Home Office,Gujarat,Panvel,2021-06-05
CUST02227,Vedika Sawhney,Home Office,Tamil Nadu,Ahmedabad,2022-04-24
CUST02228,Nakul Korpal,Consumer,Telangana,Sri Ganganagar,2024-09-21
CUST02229,Zara Dixit,Consumer,Tamil Nadu,Sultan Pur Majra,2026-02-06
CUST02230,Divij Bhattacharyya,Consumer,Uttar Pradesh,Dhanbad,2026-05-16
CUST02231,Ela Sathe,Consumer,Tamil Nadu,Gaya,2024-03-06
CUST02232,Taimur Bava,Home Office,Telangana,Berhampore,2024-05-16
CUST02233,Bhavin Sidhu,Consumer,Gujarat,Nellore,2026-02-22
CUST02234,Alisha Dar,Home Office,Maharashtra,Bhilai,2022-09-13
CUST02235,Farhan Tripathi,Consumer,Gujarat,Malda,2025-05-25
CUST02236,Nirvi Wagle,Consumer,Tamil Nadu,Hindupur,2023-06-12
CUST02237,Inaaya  Balay,Corporate,Gujarat,New Delhi,2021-10-27
CUST02238,Faiyaz Dhaliwal,Corporate,Tamil Nadu,Gudivada,2023-08-30
CUST02239,Kashvi Khurana,Home Office,Tamil Nadu,Durgapur,2022-08-27
CUST02240,Shray Reddy,Corporate,Maharashtra,Rajpur Sonarpur,2025-08-14
CUST02241,Aarna Mani,Corporate,West Bengal,Chandrapur,2025-02-06
CUST02242,Prisha Ratta,Home Office,Punjab,Bhilwara,2024-05-28
CUST02243,Vardaniya Lal,Home Office,Punjab,Tadepalligudem,2023-06-24
CUST02244,Yuvraj  Luthra,Consumer,Uttar Pradesh,Anantapur,2022-11-26
CUST02245,Aarav Grewal,Consumer,Telangana,Hyderabad,2023-09-07
CUST02246,Armaan Dua,Consumer,Rajasthan,Morbi,2026-03-22
CUST02247,Rania Char,Home Office,Tamil Nadu,Begusarai,2022-07-31
CUST02248,Mishti Desai,Corporate,West Bengal,Secunderabad,2025-09-05
CUST02249,Abram Agate,Consumer,Karnataka,Ratlam,2021-09-21
CUST02250,Riaan Dalal,Consumer,Gujarat,Eluru,2023-04-24
CUST02251,Rohan Aurora,Corporate,Punjab,Gudivada,2025-07-03
CUST02252,Sumer Vala,Corporate,Karnataka,Rajpur Sonarpur,2022-08-08
CUST02253,Azad Borde,Corporate,Karnataka,Eluru,2021-10-25
CUST02254,Anvi Dayal,Consumer,Uttar Pradesh,Dharmavaram,2021-11-30
CUST02255,Fateh Biswas,Corporate,Karnataka,Saharanpur,2024-11-24
CUST02256,Dhanuk Dasgupta,Corporate,West Bengal,Nizamabad,2024-04-27
CUST02257,Jiya Madan,Consumer,Uttar Pradesh,Sambalpur,2022-05-21
CUST02258,Taran Sem,Corporate,Delhi,Erode,2026-03-28
CUST02259,Eshani Char,Consumer,Punjab,Ranchi,2025-09-30
CUST02260,Mannat Sani,Consumer,Uttar Pradesh,Hindupur,2021-08-23
CUST02261,Amani Sekhon,Consumer,Karnataka,Jalandhar,2025-09-21
CUST02262,Jayant Chahal,Home Office,Rajasthan,Bidhannagar,2023-05-24
CUST02263,Ojas Chatterjee,Home Office,Rajasthan,Durg,2024-04-19
CUST02264,Parinaaz Mannan,Corporate,Rajasthan,Alappuzha,2023-11-26
CUST02265,Jayesh Bahl,Corporate,Rajasthan,Haldia,2021-09-13
CUST02266,Anahi Rajagopalan,Consumer,West Bengal,Ahmednagar,2025-09-29
CUST02267,Hunar Tripathi,Home Office,Delhi,Amaravati,2024-12-16
CUST02268,Adah Manda,Home Office,Gujarat,Parbhani,2025-12-17
CUST02269,Lavanya Anand,Consumer,Gujarat,Amroha,2023-12-19
CUST02270,Kaira Rout,Home Office,Delhi,North Dumdum,2024-11-06
CUST02271,Rania Brahmbhatt,Consumer,West Bengal,Imphal,2023-04-23
CUST02272,Riaan Krishnamurthy,Home Office,Delhi,Bidhannagar,2022-02-26
CUST02273,Eshani Lal,Consumer,Gujarat,Kochi,2021-11-11
CUST02274,Aniruddh Ram,Corporate,Karnataka,Bhiwani,2023-10-30
CUST02275,Drishya Bhatnagar,Consumer,Rajasthan,Kurnool,2025-12-02
CUST02276,Vidur Shetty,Home Office,Punjab,Sangli-Miraj & Kupwad,2023-10-24
CUST02277,Aarush Edwin,Corporate,Karnataka,Chennai,2025-07-04
CUST02278,Pari Ramanathan,Consumer,West Bengal,Akola,2022-12-24
CUST02279,Aarush Dua,Corporate,Tamil Nadu,Thoothukudi,2023-03-06
CUST02280,Navya Sama,Corporate,Telangana,Kadapa,2021-06-16
CUST02281,Saksham Koshy,Home Office,Telangana,Gulbarga,2026-02-28
CUST02282,Aniruddh Brahmbhatt,Corporate,Rajasthan,Giridih,2025-03-07
CUST02283,Nitara Magar,Home Office,Karnataka,Malegaon,2023-12-01
CUST02284,Zain Biswas,Corporate,Uttar Pradesh,Kishanganj,2024-06-14
CUST02285,Nayantara Toor,Corporate,Delhi,Baranagar,2022-09-05
CUST02286,Jivika Bhat,Consumer,Rajasthan,Bharatpur,2022-11-11
CUST02287,Sana Chad,Consumer,Delhi,Katni,2025-12-05
CUST02288,Yakshit Butala,Consumer,Karnataka,Hajipur,2025-08-05
CUST02289,Pari Chaudhry,Consumer,West Bengal,Raichur,2022-10-15
CUST02290,Ranbir Dave,Home Office,Telangana,Guntur,2022-12-07
CUST02291,Rati Bajaj,Consumer,Maharashtra,Anantapuram,2025-05-29
CUST02292,Tushar Batra,Corporate,West Bengal,Chinsurah,2023-01-03
CUST02293,Lakshit Goel,Corporate,Tamil Nadu,Pune,2021-08-24
CUST02294,Devansh Johal,Home Office,Punjab,Rajahmundry,2025-12-06
CUST02295,Yuvraj  Tara,Consumer,Punjab,Berhampur,2021-10-08
CUST02296,Advika Lanka,Consumer,Maharashtra,Ludhiana,2026-01-24
CUST02297,Hunar Bajwa,Home Office,West Bengal,Raipur,2021-09-04
CUST02298,Sumer Ahluwalia,Consumer,Maharashtra,Siwan,2021-07-13
CUST02299,Gatik Sant,Corporate,Uttar Pradesh,Ongole,2026-01-21
CUST02300,Manikya Gupta,Corporate,Maharashtra,Kalyan-Dombivli,2024-06-03
CUST02301,Samaira Singh,Home Office,Tamil Nadu,Imphal,2025-05-03
CUST02302,Divit Bhargava,Corporate,Karnataka,Fatehpur,2022-06-24
CUST02303,Nishith Shanker,Consumer,West Bengal,Berhampore,2024-07-15
CUST02304,Siya Shere,Corporate,Rajasthan,Kanpur,2024-10-03
CUST02305,Seher Rajagopal,Home Office,Maharashtra,Navi Mumbai,2022-02-19
CUST02306,Badal Gopal,Home Office,Telangana,Aurangabad,2025-08-16
CUST02307,Neelofar Kota,Corporate,Punjab,Srinagar,2022-10-10
CUST02308,Divyansh Boase,Home Office,Karnataka,Berhampur,2023-04-12
CUST02309,Anahi Goel,Corporate,Maharashtra,Machilipatnam,2022-01-28
CUST02310,Vivaan Rajagopal,Home Office,Punjab,Dhanbad,2023-09-08
CUST02311,Tara Deep,Consumer,Tamil Nadu,Karawal Nagar,2024-02-26
CUST02312,Aarav Char,Consumer,Maharashtra,Sikar,2024-05-11
CUST02313,Vanya Sachdeva,Corporate,Delhi,Thanjavur,2023-08-08
CUST02314,Kartik Gill,Home Office,Delhi,Begusarai,2021-12-16
CUST02315,Misha Bhavsar,Corporate,Telangana,Surat,2025-01-08
CUST02316,Heer Sarna,Consumer,Gujarat,Tadipatri,2026-04-17
CUST02317,Ojas Sankaran,Home Office,Rajasthan,Ambattur,2023-02-01
CUST02318,Armaan Desai,Corporate,Karnataka,Thanjavur,2022-10-16
CUST02319,Reyansh Dara,Consumer,Telangana,Raichur,2022-12-01
CUST02320,Anay Boase,Corporate,Delhi,Medininagar,2022-12-22
CUST02321,Anay Rana,Home Office,Uttar Pradesh,Sri Ganganagar,2023-09-20
CUST02322,Ira Dubey,Corporate,Delhi,Alwar,2025-04-07
CUST02323,Advika Bhardwaj,Consumer,West Bengal,Anand,2023-02-15
CUST02324,Rasha Sule,Home Office,Maharashtra,Bidar,2021-05-21
CUST02325,Nehmat Hayer,Consumer,Punjab,Jhansi,2024-06-18
CUST02326,Gokul Acharya,Home Office,Uttar Pradesh,Navi Mumbai,2023-03-19
CUST02327,Manikya Zacharia,Consumer,Maharashtra,Ichalkaranji,2024-03-20
CUST02328,Bhavin Kapadia,Home Office,Maharashtra,Hospet,2022-06-22
CUST02329,Parinaaz Bhandari,Home Office,Maharashtra,Dibrugarh,2025-01-14
CUST02330,Samaira Dasgupta,Corporate,Delhi,Khora ,2021-11-23
CUST02331,Ivan Bhalla,Corporate,Tamil Nadu,Sultan Pur Majra,2024-06-04
CUST02332,Kashvi Ganguly,Corporate,Uttar Pradesh,Avadi,2023-06-18
CUST02333,Sumer Tella,Consumer,Maharashtra,North Dumdum,2024-08-21
CUST02334,Samar Cherian,Consumer,West Bengal,Etawah,2022-08-13
CUST02335,Diya Agate,Corporate,Gujarat,Visakhapatnam,2023-12-14
CUST02336,Vihaan Bakshi,Home Office,Gujarat,Latur,2022-09-07
CUST02337,Darshit Bal,Corporate,Maharashtra,Ambattur,2024-03-24
CUST02338,Mehul Sinha,Consumer,West Bengal,Sri Ganganagar,2024-08-11
CUST02339,Aarush Swaminathan,Consumer,Karnataka,Delhi,2024-04-18
CUST02340,Zara Saran,Home Office,Karnataka,Tenali,2023-02-18
CUST02341,Emir Magar,Corporate,Gujarat,Hindupur,2022-05-25
CUST02342,Kabir Thakkar,Corporate,Punjab,Morena,2021-05-30
CUST02343,Darshit Mangal,Corporate,Maharashtra,Kottayam,2022-09-19
CUST02344,Zeeshan Kakar,Corporate,Gujarat,Chandigarh,2025-07-11
CUST02345,Damini Iyer,Consumer,Maharashtra,Hazaribagh,2022-09-05
CUST02346,Jhanvi Bumb,Corporate,Rajasthan,Nanded,2021-06-10
CUST02347,Dharmajan Lad,Corporate,Tamil Nadu,Guwahati,2022-09-05
CUST02348,Kaira Chahal,Corporate,Uttar Pradesh,Chennai,2023-11-15
CUST02349,Nitya Khalsa,Corporate,Karnataka,Farrukhabad,2022-05-26
CUST02350,Jayesh Mander,Consumer,Karnataka,Bidar,2022-08-10
CUST02351,Dhanuk Goda,Home Office,West Bengal,Kalyan-Dombivli,2022-12-06
CUST02352,Ahana  Chaudhary,Consumer,Maharashtra,Ballia,2021-12-18
CUST02353,Shray Bhakta,Corporate,Punjab,Cuttack,2025-03-28
CUST02354,Aarav Agrawal,Corporate,Punjab,Bettiah,2026-03-15
CUST02355,Sara D’Alia,Home Office,Uttar Pradesh,Avadi,2021-09-02
CUST02356,Nakul Varty,Consumer,Punjab,Allahabad,2023-08-26
CUST02357,Aradhya Chander,Corporate,Gujarat,Haridwar,2021-10-18
CUST02358,Aarna Bal,Home Office,West Bengal,Amritsar,2021-08-23
CUST02359,Kanav Chauhan,Home Office,Karnataka,Mathura,2025-03-21
CUST02360,Vidur Dalal,Corporate,Uttar Pradesh,Nashik,2021-07-13
CUST02361,Jiya Doshi,Consumer,Rajasthan,Unnao,2023-12-20
CUST02362,Alisha Gopal,Corporate,West Bengal,Bhusawal,2024-05-27
CUST02363,Adah Aurora,Consumer,Tamil Nadu,Morbi,2023-01-03
CUST02364,Dishani Bajaj,Home Office,Gujarat,Dhanbad,2023-08-25
CUST02365,Aarna Shenoy,Consumer,Telangana,Ahmedabad,2025-05-29
CUST02366,Adira Khanna,Home Office,Punjab,Ongole,2025-03-19
CUST02367,Gokul Apte,Home Office,Punjab,Bihar Sharif,2022-09-12
CUST02368,Ishita Walia,Consumer,Gujarat,Raipur,2022-03-31
CUST02369,Anay Singhal,Home Office,Telangana,Medininagar,2026-04-01
CUST02370,Veer Hayre,Home Office,Punjab,Amroha,2021-05-21
CUST02371,Mannat Srivastava,Consumer,Rajasthan,Satna,2026-02-15
CUST02372,Ehsaan Kala,Home Office,Delhi,Mirzapur,2024-08-23
CUST02373,Indrans Jha,Corporate,Gujarat,Khora ,2024-12-04
CUST02374,Baiju Gour,Home Office,Rajasthan,Ulhasnagar,2025-02-19
CUST02375,Darshit Bath,Consumer,Telangana,Ranchi,2022-07-30
CUST02376,Abram Bhakta,Home Office,West Bengal,Patiala,2021-07-17
CUST02377,Yashvi Dara,Consumer,Karnataka,Phusro,2021-11-23
CUST02378,Indrans Kanda,Home Office,Uttar Pradesh,Bhalswa Jahangir Pur,2022-09-27
CUST02379,Aniruddh Lad,Corporate,Karnataka,Shahjahanpur,2021-11-17
CUST02380,Romil Keer,Consumer,Uttar Pradesh,Ambarnath,2021-08-26
CUST02381,Baiju Chaudhuri,Corporate,Delhi,Sirsa,2022-08-01
CUST02382,Jivika Tripathi,Corporate,Tamil Nadu,Bally,2024-03-09
CUST02383,Baiju Bandi,Consumer,Telangana,Rampur,2025-12-22
CUST02384,Indrajit Anne,Consumer,Telangana,Shimla,2024-05-01
CUST02385,Vritika Srinivasan,Home Office,Rajasthan,Gandhinagar,2025-05-15
CUST02386,Mannat Iyer,Corporate,Delhi,Dindigul,2025-04-11
CUST02387,Reyansh Goda,Consumer,Uttar Pradesh,Chandrapur,2022-12-11
CUST02388,Mahika Bora,Corporate,Punjab,Suryapet,2024-09-15
CUST02389,Piya Wali,Corporate,Maharashtra,Hindupur,2025-08-10
CUST02390,Suhana Tripathi,Corporate,Uttar Pradesh,Tirunelveli,2023-07-08
CUST02391,Shalv Mangal,Corporate,Maharashtra,Tezpur,2025-06-25
CUST02392,Ranbir Dhillon,Corporate,West Bengal,Raichur,2022-08-22
CUST02393,Eshani Edwin,Consumer,Rajasthan,Shimoga,2024-02-07
CUST02394,Lakshay Bhat,Corporate,West Bengal,Dehradun,2024-02-27
CUST02395,Riaan Vaidya,Home Office,Telangana,Muzaffarpur,2025-01-17
CUST02396,Lavanya Srivastava,Consumer,Maharashtra,Rampur,2021-12-18
CUST02397,Nitya Luthra,Home Office,Punjab,Nellore,2023-11-22
CUST02398,Aarav Dua,Home Office,Tamil Nadu,Siwan,2024-08-24
CUST02399,Tejas Bumb,Home Office,Telangana,Dharmavaram,2024-11-11
CUST02400,Kanav Bhalla,Consumer,Uttar Pradesh,Bongaigaon,2025-01-24
CUST02401,Bhavin Mani,Corporate,Gujarat,Giridih,2023-12-16
CUST02402,Anay Krishnamurthy,Consumer,Delhi,Jamalpur,2022-03-31
CUST02403,Vihaan Sandal,Corporate,Gujarat,Sasaram,2025-02-17
CUST02404,Nitya Verma,Home Office,Punjab,Dibrugarh,2022-01-21
CUST02405,Shray Bansal,Home Office,Uttar Pradesh,Kishanganj,2024-01-02
CUST02406,Ira Chand,Home Office,Gujarat,Nandyal,2023-12-24
CUST02407,Siya Dugar,Home Office,Uttar Pradesh,Unnao,2022-01-22
CUST02408,Tara Goswami,Consumer,Maharashtra,Saharsa,2023-01-14
CUST02409,Nitya Arora,Home Office,Delhi,Jaunpur,2024-06-08
CUST02410,Trisha Sant,Consumer,Gujarat,Howrah,2025-09-16
CUST02411,Aaryahi Brahmbhatt,Corporate,Tamil Nadu,Morbi,2025-06-17
CUST02412,Heer Sani,Home Office,Telangana,Phagwara,2021-08-28
CUST02413,Yasmin Kashyap,Corporate,Maharashtra,Rourkela,2021-07-31
CUST02414,Parinaaz Mahajan,Consumer,Karnataka,Giridih,2026-02-12
CUST02415,Kartik Gara,Corporate,Karnataka,Warangal,2024-09-17
CUST02416,Kiara Kumer,Home Office,Rajasthan,Shimoga,2023-11-02
CUST02417,Saira Aurora,Consumer,Tamil Nadu,Shahjahanpur,2021-11-01
CUST02418,Advik Dalal,Home Office,Delhi,Bikaner,2025-08-11
CUST02419,Zaina Bir,Consumer,Maharashtra,Yamunanagar,2022-11-18
CUST02420,Tarini Sunder,Corporate,Delhi,Bardhaman,2023-06-15
CUST02421,Badal Gokhale,Corporate,Delhi,Kozhikode,2021-09-23
CUST02422,Vaibhav Shroff,Home Office,Gujarat,Asansol,2022-08-05
CUST02423,Gokul Bhat,Consumer,Rajasthan,Panipat,2021-06-30
CUST02424,Aarush Vig,Consumer,Punjab,Sonipat,2025-11-19
CUST02425,Jayesh Varghese,Consumer,Uttar Pradesh,Durgapur,2022-10-28
CUST02426,Zain Divan,Corporate,Punjab,Panihati,2023-10-21
CUST02427,Madhup Mammen,Home Office,Karnataka,Vasai-Virar,2024-02-28
CUST02428,Rati Balasubramanian,Corporate,West Bengal,Raichur,2024-05-03
CUST02429,Drishya Walla,Home Office,West Bengal,Rajpur Sonarpur,2026-01-12
CUST02430,Veer Luthra,Home Office,Rajasthan,Bhimavaram,2021-11-10
CUST02431,Jiya Bhandari,Home Office,Uttar Pradesh,Khora ,2023-08-26
CUST02432,Baiju Bhasin,Home Office,Karnataka,Barasat,2023-12-20
CUST02433,Yuvraj  Konda,Home Office,Punjab,Gwalior,2023-02-19
CUST02434,Nayantara Swamy,Consumer,Karnataka,Mango,2025-02-23
CUST02435,Sahil Singh,Consumer,Rajasthan,Miryalaguda,2025-03-04
CUST02436,Dishani Kara,Home Office,Punjab,South Dumdum,2024-06-24
CUST02437,Mohanlal Jha,Home Office,Gujarat,Katihar,2023-07-16
CUST02438,Umang Brar,Home Office,Rajasthan,Tadipatri,2023-01-29
CUST02439,Khushi Ramakrishnan,Corporate,Punjab,Sambalpur,2026-02-21
CUST02440,Lagan Bobal,Home Office,Delhi,Pondicherry,2022-09-19
CUST02441,Aayush Bhatnagar,Corporate,Rajasthan,Alwar,2024-02-05
CUST02442,Darshit Shenoy,Corporate,Tamil Nadu,Bhilai,2021-06-01
CUST02443,Yuvaan Venkatesh,Corporate,Karnataka,Tezpur,2023-06-03
CUST02444,Aarav Gandhi,Consumer,Rajasthan,Raebareli,2025-09-14
CUST02445,Gokul Sidhu,Home Office,Telangana,Varanasi,2022-06-12
CUST02446,Tiya Rama,Corporate,Telangana,Gopalpur,2021-09-11
CUST02447,Charvi Loyal,Corporate,Telangana,Medininagar,2025-10-14
CUST02448,Biju Brahmbhatt,Home Office,Delhi,Yamunanagar,2023-06-14
CUST02449,Elakshi Kari,Consumer,Delhi,Lucknow,2025-06-27
CUST02450,Neysa Sharma,Home Office,Tamil Nadu,Sonipat,2022-07-23
CUST02451,Gokul Dhawan,Home Office,Gujarat,Bardhaman,2026-01-11
CUST02452,Hansh Bakshi,Home Office,Karnataka,Bareilly,2024-06-26
CUST02453,Rohan Iyer,Home Office,Karnataka,Madurai,2022-10-30
CUST02454,Kismat Bahl,Home Office,Telangana,Rewa,2026-05-14
CUST02455,Samar Dada,Home Office,Gujarat,Rourkela,2024-08-15
CUST02456,Divyansh Anne,Home Office,Maharashtra,Hospet,2024-10-09
CUST02457,Nayantara Lad,Corporate,Telangana,Jorhat,2025-06-14
CUST02458,Samiha Lalla,Corporate,Punjab,Thiruvananthapuram,2025-08-27
CUST02459,Ira Shanker,Home Office,Rajasthan,Nangloi Jat,2022-11-26
CUST02460,Divit Shan,Home Office,Telangana,Secunderabad,2024-03-29
CUST02461,Ivan Grewal,Corporate,Rajasthan,Kakinada,2024-11-15
CUST02462,Umang Sekhon,Consumer,Telangana,Patna,2021-09-25
CUST02463,Keya Walla,Consumer,West Bengal,Morbi,2021-09-12
CUST02464,Anahi Kulkarni,Corporate,Karnataka,Vellore,2024-04-24
CUST02465,Abram Keer,Consumer,West Bengal,Morena,2024-06-17
CUST02466,Jayesh Dey,Consumer,Tamil Nadu,Kolhapur,2025-07-27
CUST02467,Shayak Sem,Consumer,Tamil Nadu,Anantapuram,2022-09-17
CUST02468,Faiyaz Aurora,Home Office,Tamil Nadu,Gandhidham,2022-04-28
CUST02469,Aarush Desai,Consumer,West Bengal,Bangalore,2024-09-25
CUST02470,Eva Gera,Home Office,Tamil Nadu,Kottayam,2024-01-30
CUST02471,Nirvaan Borra,Consumer,Telangana,Ajmer,2023-05-12
CUST02472,Keya Sidhu,Consumer,Gujarat,Vellore,2024-03-27
CUST02473,Lagan Koshy,Corporate,Maharashtra,Berhampore,2024-09-25
CUST02474,Piya Ganesh,Home Office,Telangana,Bellary,2022-03-25
CUST02475,Divyansh Kanda,Consumer,Telangana,Khandwa,2024-08-28
CUST02476,Yasmin Kala,Corporate,Delhi,Kota,2025-03-01
CUST02477,Rati Balakrishnan,Home Office,Tamil Nadu,Bongaigaon,2022-06-08
CUST02478,Saanvi Gulati,Home Office,West Bengal,Jalna,2021-10-29
CUST02479,Inaaya  Sehgal,Corporate,Rajasthan,Raipur,2022-03-18
CUST02480,Kimaya Manda,Corporate,Gujarat,Mahbubnagar,2022-12-06
CUST02481,Madhup Ramanathan,Home Office,West Bengal,Varanasi,2023-04-21
CUST02482,Vanya Balasubramanian,Consumer,Tamil Nadu,Amroha,2024-03-09
CUST02483,Saanvi Bora,Consumer,Punjab,Vadodara,2023-02-12
CUST02484,Vaibhav Venkatesh,Corporate,Delhi,Fatehpur,2023-02-13
CUST02485,Nakul Rama,Home Office,Gujarat,Gudivada,2026-05-04
CUST02486,Yuvaan Thakur,Home Office,Telangana,Mehsana,2024-02-19
CUST02487,Samaira Bora,Home Office,Punjab,Tirunelveli,2023-07-03
CUST02488,Armaan Rajagopalan,Consumer,Delhi,Chandrapur,2023-02-18
CUST02489,Tiya Devan,Corporate,Uttar Pradesh,Lucknow,2023-12-08
CUST02490,Onkar Jayaraman,Consumer,Maharashtra,Bathinda,2025-08-31
CUST02491,Ivan Dash,Consumer,Karnataka,Ahmednagar,2024-07-11
CUST02492,Jayant Banik,Home Office,Telangana,Durgapur,2025-04-10
CUST02493,Azad Chacko,Consumer,Rajasthan,Kozhikode,2023-05-06
CUST02494,Diya Bhagat,Consumer,Rajasthan,Chandrapur,2025-10-02
CUST02495,Divij Suresh,Corporate,Telangana,Thrissur,2023-01-22
CUST02496,Farhan Sahota,Corporate,Karnataka,Vadodara,2024-08-25
CUST02497,Ivan Sharaf,Consumer,Punjab,Bhind,2023-09-14
CUST02498,Navya Dhawan,Corporate,West Bengal,Durg,2021-12-28
CUST02499,Ranbir Bajwa,Corporate,Uttar Pradesh,Siliguri,2021-11-23
CUST02500,Vritika Devan,Home Office,Karnataka,Haldia,2023-03-11
CUST02501,Anvi Shanker,Consumer,Karnataka,Begusarai,2025-08-28
CUST02502,Emir Tripathi,Corporate,Punjab,Etawah,2025-08-13
CUST02503,Hazel Thakur,Consumer,Punjab,Bhubaneswar,2025-08-04
CUST02504,Aradhya Chatterjee,Home Office,Tamil Nadu,Bhimavaram,2025-12-17
CUST02505,Onkar Madan,Corporate,Punjab,Maheshtala,2025-05-04
CUST02506,Vardaniya Khare,Home Office,Gujarat,Bally,2023-02-07
CUST02507,Ayesha Bora,Consumer,Gujarat,Anantapur,2023-09-20
CUST02508,Alisha Bail,Home Office,Delhi,Nanded,2022-07-07
CUST02509,Inaaya  Dalal,Consumer,Telangana,Orai,2023-06-03
CUST02510,Amira Sant,Consumer,Telangana,Panipat,2024-05-22
CUST02511,Anika Bhandari,Consumer,Rajasthan,Morena,2025-09-05
CUST02512,Nitara Kota,Home Office,Telangana,Tiruvottiyur,2025-01-03
CUST02513,Jayant Grewal,Corporate,Maharashtra,Ongole,2026-03-12
CUST02514,Hansh Bhatia,Corporate,Delhi,Mysore,2023-08-23
CUST02515,Seher Dhawan,Consumer,Gujarat,Thiruvananthapuram,2021-06-26
CUST02516,Rohan Sandhu,Corporate,Gujarat,Sri Ganganagar,2022-12-18
CUST02517,Parinaaz Bobal,Corporate,Delhi,Bellary,2024-02-15
CUST02518,Vivaan Dewan,Home Office,Telangana,North Dumdum,2022-08-11
CUST02519,Mahika Chaudhary,Corporate,Telangana,Sonipat,2021-06-21
CUST02520,Shayak Gola,Home Office,West Bengal,Karimnagar,2025-02-15
CUST02521,Pihu Wagle,Consumer,Gujarat,Katihar,2025-01-09
CUST02522,Ela Kadakia,Corporate,Delhi,Raipur,2022-01-21
CUST02523,Manikya Srivastava,Home Office,Punjab,Siwan,2023-03-18
CUST02524,Advika Gupta,Home Office,Delhi,Aurangabad,2025-05-16
CUST02525,Gokul Sathe,Consumer,Gujarat,Tiruvottiyur,2021-12-08
CUST02526,Aradhya Kanda,Corporate,Maharashtra,Meerut,2025-02-05
CUST02527,Lagan Sharaf,Corporate,Tamil Nadu,Kalyan-Dombivli,2023-08-19
CUST02528,Zaina Chahal,Home Office,Tamil Nadu,Madanapalle,2021-05-31
CUST02529,Rania Kashyap,Consumer,Telangana,Ghaziabad,2022-01-06
CUST02530,Ivana Balay,Corporate,Telangana,Danapur,2025-05-24
CUST02531,Lakshay Sura,Home Office,Uttar Pradesh,Dehradun,2023-10-02
CUST02532,Shayak Trivedi,Corporate,West Bengal,Jaipur,2025-12-16
CUST02533,Nirvi Gera,Corporate,Delhi,Katihar,2026-03-24
CUST02534,Pranay Dalal,Corporate,Telangana,Ambarnath,2021-07-14
CUST02535,Nehmat Cherian,Consumer,Maharashtra,Ozhukarai,2026-05-06
CUST02536,Hunar Varghese,Consumer,Telangana,Saharanpur,2021-12-31
CUST02537,Prerak Batta,Home Office,West Bengal,Miryalaguda,2026-03-29
CUST02538,Manjari Banerjee,Home Office,Maharashtra,Bettiah,2024-03-01
CUST02539,Advika Upadhyay,Consumer,Delhi,Katihar,2022-12-18
CUST02540,Yuvaan Anand,Home Office,Rajasthan,Jamshedpur,2023-02-12
CUST02541,Samiha Dugar,Consumer,Delhi,Rampur,2025-10-02
CUST02542,Vivaan Bansal,Home Office,Rajasthan,Ghaziabad,2025-03-18
CUST02543,Ritvik Sehgal,Home Office,Maharashtra,Ambarnath,2025-03-30
CUST02544,Nehmat Chakrabarti,Home Office,Karnataka,Kavali,2024-01-03
CUST02545,Hansh Sura,Consumer,Uttar Pradesh,Morbi,2024-01-05
CUST02546,Nirvaan Kanda,Home Office,Gujarat,Mangalore,2025-03-18
CUST02547,Ranbir Krishnan,Consumer,Maharashtra,Giridih,2021-06-22
CUST02548,Mahika Comar,Consumer,West Bengal,Chapra,2023-03-22
CUST02549,Purab Dyal,Consumer,Tamil Nadu,Medininagar,2026-05-18
CUST02550,Manikya Date,Home Office,Maharashtra,Bhubaneswar,2023-11-28
CUST02551,Dharmajan Agarwal,Home Office,Delhi,Kanpur,2024-03-16
CUST02552,Yakshit Kumar,Corporate,Rajasthan,Firozabad,2023-12-01
CUST02553,Aarush Kulkarni,Corporate,Uttar Pradesh,Kirari Suleman Nagar,2025-12-21
CUST02554,Madhav Tak,Home Office,Rajasthan,Silchar,2021-06-24
CUST02555,Ryan Kalla,Corporate,Gujarat,Phagwara,2023-03-12
CUST02556,Raunak Sekhon,Consumer,Rajasthan,Thiruvananthapuram,2024-10-23
CUST02557,Nakul Manne,Home Office,Maharashtra,Faridabad,2022-04-05
CUST02558,Inaaya  Kala,Home Office,West Bengal,Mau,2024-05-17
CUST02559,Ahana  Kar,Home Office,Punjab,Pondicherry,2023-02-27
CUST02560,Dishani Desai,Consumer,Punjab,Amritsar,2022-11-01
CUST02561,Advika Iyengar,Consumer,Maharashtra,Phagwara,2022-09-24
CUST02562,Faiyaz Chaudry,Corporate,Telangana,Nashik,2021-11-10
CUST02563,Zeeshan Tripathi,Consumer,Tamil Nadu,Berhampore,2024-04-10
CUST02564,Ela Chhabra,Home Office,Tamil Nadu,Jhansi,2023-06-16
CUST02565,Raghav Raval,Home Office,Maharashtra,Raiganj,2021-07-22
CUST02566,Jayant Dara,Corporate,Uttar Pradesh,Katni,2022-10-11
CUST02567,Yasmin Keer,Corporate,Rajasthan,Jaunpur,2024-12-10
CUST02568,Armaan Srinivas,Home Office,West Bengal,Latur,2022-07-05
CUST02569,Advika Sathe,Corporate,Karnataka,Dhanbad,2022-05-13
CUST02570,Bhamini Bhatia,Home Office,Delhi,Tenali,2024-09-28
CUST02571,Elakshi Sani,Consumer,Rajasthan,Kavali,2025-03-06
CUST02572,Rati Bajwa,Home Office,Tamil Nadu,Karimnagar,2024-03-12
CUST02573,Shayak Yadav,Home Office,Karnataka,Hyderabad,2025-11-07
CUST02574,Raghav Atwal,Corporate,Gujarat,Asansol,2022-07-01
CUST02575,Emir Doctor,Consumer,Telangana,Hubli–Dharwad,2025-01-20
CUST02576,Arhaan Dhaliwal,Home Office,Karnataka,Delhi,2025-03-02
CUST02577,Jayan Loke,Consumer,West Bengal,Jehanabad,2025-12-17
CUST02578,Renee Khalsa,Consumer,Punjab,Malda,2021-11-23
CUST02579,Lagan Brar,Home Office,Rajasthan,Katni,2022-07-05
CUST02580,Gokul Tata,Home Office,Telangana,Jamalpur,2022-03-23
CUST02581,Kaira Handa,Consumer,Tamil Nadu,Aligarh,2023-11-12
CUST02582,Riaan Kaur,Consumer,Gujarat,Bidhannagar,2025-01-07
CUST02583,Jivin Borra,Consumer,Rajasthan,Pali,2026-01-28
CUST02584,Indrans Reddy,Home Office,Telangana,Khora ,2022-06-07
CUST02585,Dharmajan Wali,Consumer,Karnataka,Vadodara,2022-02-26
CUST02586,Eva Joshi,Consumer,Delhi,Hyderabad,2026-02-05
CUST02587,Ivana Vora,Home Office,Tamil Nadu,Khandwa,2024-06-08
CUST02588,Ayesha Ravi,Consumer,Maharashtra,Purnia,2025-11-18
CUST02589,Anvi Master,Consumer,Punjab,Yamunanagar,2022-06-30
CUST02590,Rasha Rajagopal,Consumer,Telangana,Patna,2024-06-06
CUST02591,Seher Khatri,Corporate,Telangana,Jamshedpur,2022-09-05
CUST02592,Adira Chacko,Consumer,Tamil Nadu,Tenali,2022-02-07
CUST02593,Himmat Banerjee,Home Office,Maharashtra,Mira-Bhayandar,2021-07-31
CUST02594,Vaibhav Kade,Corporate,Maharashtra,Panvel,2021-08-21
CUST02595,Navya Chaudhary,Consumer,Punjab,Kanpur,2025-06-07
CUST02596,Misha Bedi,Corporate,Gujarat,Jehanabad,2025-08-02
CUST02597,Advika Karnik,Corporate,Karnataka,Warangal,2021-10-11
CUST02598,Abram Randhawa,Home Office,Delhi,Nagercoil,2022-03-19
CUST02599,Ishita Banerjee,Consumer,Tamil Nadu,Nagpur,2022-07-06
CUST02600,Alisha Bala,Home Office,Maharashtra,Dindigul,2023-10-16
CUST02601,Saanvi Golla,Consumer,Gujarat,Barasat,2023-12-07
CUST02602,Manikya Sekhon,Corporate,Uttar Pradesh,Mumbai,2021-11-08
CUST02603,Rhea Ravel,Corporate,Punjab,Proddatur,2021-10-03
CUST02604,Mahika Barman,Home Office,Tamil Nadu,Tirunelveli,2023-12-23
CUST02605,Tarini Bhalla,Home Office,Punjab,Maheshtala,2021-10-03
CUST02606,Arnav Bhardwaj,Consumer,Punjab,Bihar Sharif,2024-06-10
CUST02607,Prisha Shah,Home Office,Gujarat,Buxar,2025-03-22
CUST02608,Jivika Kant,Corporate,Rajasthan,Baranagar,2024-05-06
CUST02609,Mamooty Loyal,Consumer,West Bengal,Gulbarga,2023-02-22
CUST02610,Hunar Gulati,Corporate,Delhi,Alappuzha,2025-10-12
CUST02611,Pihu Jhaveri,Consumer,Rajasthan,Rampur,2022-02-05
CUST02612,Aradhya Viswanathan,Corporate,Gujarat,Bhiwandi,2022-11-14
CUST02613,Taran Aggarwal,Consumer,Gujarat,Bikaner,2025-12-19
CUST02614,Nitya Chanda,Corporate,Uttar Pradesh,Saharanpur,2024-11-22
CUST02615,Tushar Krish,Corporate,Gujarat,Proddatur,2025-08-07
CUST02616,Baiju Bail,Corporate,Uttar Pradesh,Tirupati,2022-02-12
CUST02617,Neysa Vasa,Home Office,Maharashtra,Shahjahanpur,2024-07-20
CUST02618,Dishani Salvi,Consumer,Punjab,Shivpuri,2025-11-18
CUST02619,Tanya Uppal,Consumer,Tamil Nadu,Jehanabad,2022-01-21
CUST02620,Akarsh Virk,Consumer,Telangana,Ongole,2025-04-03
CUST02621,Kaira Agarwal,Consumer,Tamil Nadu,Eluru,2026-04-11
CUST02622,Kabir Sachdeva,Home Office,Maharashtra,Gwalior,2023-01-30
CUST02623,Farhan Taneja,Home Office,Maharashtra,Bellary,2025-10-30
CUST02624,Kismat Bal,Consumer,Telangana,Pondicherry,2025-05-20
CUST02625,Ritvik Reddy,Home Office,West Bengal,Mira-Bhayandar,2025-01-10
CUST02626,Drishya Goyal,Home Office,Punjab,Ballia,2026-03-18
CUST02627,Madhav Amble,Corporate,Punjab,Hosur,2021-10-30
CUST02628,Mamooty Wason,Consumer,West Bengal,Suryapet,2025-08-08
CUST02629,Madhav Zacharia,Home Office,Tamil Nadu,Rajahmundry,2024-03-02
CUST02630,Adira Arya,Home Office,Telangana,Aligarh,2025-01-20
CUST02631,Heer Chacko,Corporate,Karnataka,Kishanganj,2025-11-04
CUST02632,Tarini Bains,Corporate,Rajasthan,Hindupur,2024-09-20
CUST02633,Azad Gupta,Consumer,Punjab,Darbhanga,2025-08-29
CUST02634,Jhanvi Choudhry,Home Office,Tamil Nadu,Hajipur,2023-11-13
CUST02635,Devansh Banerjee,Consumer,Uttar Pradesh,Satna,2021-08-22
CUST02636,Vivaan Borah,Home Office,Telangana,Nagpur,2026-02-26
CUST02637,Shray Kakar,Consumer,Rajasthan,Anand,2024-07-29
CUST02638,Gokul Divan,Corporate,Telangana,Sultan Pur Majra,2024-06-24
CUST02639,Pranay Bala,Consumer,Delhi,Pune,2024-05-05
CUST02640,Sara Saran,Home Office,Karnataka,Hapur,2025-09-27
CUST02641,Hunar Acharya,Home Office,Karnataka,Rajahmundry,2023-01-30
CUST02642,Renee Bawa,Corporate,Karnataka,Jehanabad,2024-12-21
CUST02643,Miraan Solanki,Consumer,Punjab,Vijayanagaram,2025-06-04
CUST02644,Shamik Sandhu,Home Office,Karnataka,Gorakhpur,2022-02-08
CUST02645,Vardaniya Bhat,Home Office,Uttar Pradesh,Morena,2021-08-04
CUST02646,Purab Raval,Corporate,West Bengal,Bardhaman,2022-09-15
CUST02647,Tushar Buch,Consumer,Uttar Pradesh,Adoni,2022-08-04
CUST02648,Priyansh Saran,Consumer,Maharashtra,Ujjain,2022-12-03
CUST02649,Hazel Basu,Corporate,Gujarat,Satara,2021-07-10
CUST02650,Trisha Lata,Consumer,West Bengal,Naihati,2022-12-27
CUST02651,Tushar Srinivas,Home Office,Delhi,Kamarhati,2024-12-20
CUST02652,Taran Vasa,Home Office,Gujarat,Bhiwandi,2025-12-25
CUST02653,Charvi Malhotra,Corporate,Uttar Pradesh,Thrissur,2022-05-15
CUST02654,Mahika Rau,Corporate,West Bengal,Udaipur,2025-07-30
CUST02655,Fateh Buch,Consumer,Gujarat,Panihati,2023-10-03
CUST02656,Chirag Baria,Consumer,Telangana,Arrah,2024-08-07
CUST02657,Jayant Bhargava,Home Office,Tamil Nadu,Vellore,2024-11-26
CUST02658,Yasmin Shanker,Home Office,Tamil Nadu,Bikaner,2024-05-16
CUST02659,Anika Goel,Home Office,Telangana,Moradabad,2023-02-28
CUST02660,Eshani Kumer,Home Office,Karnataka,Karimnagar,2025-06-24
CUST02661,Inaaya  Hari,Corporate,Rajasthan,Loni,2026-03-10
CUST02662,Nehmat Mani,Corporate,Punjab,Salem,2025-08-26
CUST02663,Ira Dutt,Home Office,Maharashtra,Vasai-Virar,2025-02-04
CUST02664,Shayak Balakrishnan,Home Office,Tamil Nadu,Katni,2021-12-17
CUST02665,Jiya Sethi,Corporate,Delhi,Bulandshahr,2026-01-02
CUST02666,Tara Bir,Home Office,Rajasthan,Loni,2022-05-04
CUST02667,Eva Manda,Corporate,Gujarat,Tinsukia,2021-07-15
CUST02668,Anvi Wagle,Corporate,Uttar Pradesh,Mathura,2022-11-12
CUST02669,Kavya Raman,Home Office,West Bengal,Ongole,2023-10-08
CUST02670,Nitara Sagar,Home Office,Karnataka,Bhopal,2026-02-26
CUST02671,Diya Yogi,Corporate,Karnataka,Bhilwara,2023-06-25
CUST02672,Ehsaan Agarwal,Consumer,Maharashtra,Warangal,2021-11-21
CUST02673,Eva Verma,Home Office,Tamil Nadu,Jamalpur,2025-06-04
CUST02674,Siya Devi,Consumer,Karnataka,Etawah,2025-10-31
CUST02675,Indrans Raj,Consumer,Karnataka,Dindigul,2021-12-13
CUST02676,Azad Tripathi,Corporate,Punjab,Dehradun,2026-03-14
CUST02677,Ishita Rattan,Home Office,Maharashtra,Ozhukarai,2025-09-29
CUST02678,Seher Saxena,Home Office,Delhi,Khora ,2025-09-08
CUST02679,Madhav Bahri,Corporate,Gujarat,Thoothukudi,2021-10-14
CUST02680,Alisha De,Home Office,Maharashtra,Ramgarh,2024-08-14
CUST02681,Indrans Lad,Corporate,Uttar Pradesh,Chinsurah,2022-10-25
CUST02682,Shanaya Srinivas,Corporate,Delhi,Jamalpur,2025-01-09
CUST02683,Amira Sunder,Home Office,Karnataka,Kumbakonam,2024-06-17
CUST02684,Onkar Sarna,Home Office,Rajasthan,Aizawl,2024-04-27
CUST02685,Darshit Venkatesh,Consumer,Delhi,Thane,2026-03-02
CUST02686,Dhanuk Banerjee,Consumer,Karnataka,Nagpur,2025-06-15
CUST02687,Dhruv Chhabra,Home Office,Punjab,Sambalpur,2023-12-21
CUST02688,Samiha Ramachandran,Consumer,Karnataka,Kolhapur,2025-07-03
CUST02689,Samar Dasgupta,Home Office,Telangana,Kamarhati,2021-09-08
CUST02690,Hansh Kala,Consumer,Punjab,Solapur,2022-09-12
CUST02691,Dishani Kata,Consumer,West Bengal,Mysore,2021-09-28
CUST02692,Zeeshan Devan,Consumer,Tamil Nadu,Raiganj,2024-10-19
CUST02693,Lagan Maharaj,Consumer,Telangana,Saharsa,2024-01-06
CUST02694,Mohanlal Mangal,Corporate,Punjab,Raebareli,2022-07-11
CUST02695,Nakul Suresh,Home Office,West Bengal,Karimnagar,2024-08-03
CUST02696,Yasmin Borde,Home Office,Tamil Nadu,Jehanabad,2023-05-24
CUST02697,Kartik Bhatnagar,Consumer,Delhi,Amravati,2025-04-17
CUST02698,Amira Krishnamurthy,Corporate,Punjab,Mau,2024-04-08
CUST02699,Kavya Atwal,Corporate,Uttar Pradesh,Ranchi,2022-06-24
CUST02700,Navya Bora,Consumer,Delhi,Delhi,2023-03-01
CUST02701,Ayesha Khatri,Corporate,Punjab,Dharmavaram,2024-06-27
CUST02702,Anvi Chaudhry,Consumer,Punjab,Dehradun,2024-01-06
CUST02703,Faiyaz Datta,Consumer,Punjab,Jamnagar,2022-12-15
CUST02704,Kavya Verma,Home Office,Telangana,Anantapuram,2025-02-19
CUST02705,Suhana Bassi,Corporate,Karnataka,Thane,2023-11-04
CUST02706,Lagan Bansal,Home Office,Gujarat,Dhule,2023-09-09
CUST02707,Jayant Koshy,Corporate,Punjab,Bettiah,2023-01-08
CUST02708,Dhanuk Bassi,Home Office,Maharashtra,Jammu,2021-11-03
CUST02709,Saira Sekhon,Consumer,Rajasthan,Dhanbad,2025-02-25
CUST02710,Pihu Mangal,Corporate,Karnataka,Imphal,2024-02-01
CUST02711,Shalv Banerjee,Consumer,West Bengal,Bhopal,2022-09-02
CUST02712,Elakshi Goda,Consumer,Telangana,Burhanpur,2025-07-08
CUST02713,Navya Johal,Home Office,Rajasthan,Nangloi Jat,2024-02-13
CUST02714,Nitya Rajan,Consumer,Punjab,Dindigul,2023-12-09
CUST02715,Saanvi Golla,Consumer,Karnataka,Kadapa,2025-08-22
CUST02716,Dhruv Lala,Corporate,Punjab,Tirupati,2023-01-11
CUST02717,Jhanvi Chaudhry,Home Office,West Bengal,Karaikudi,2021-07-04
CUST02718,Trisha Dara,Home Office,Telangana,Karawal Nagar,2023-04-15
CUST02719,Samarth Mann,Consumer,Maharashtra,Jamnagar,2023-02-03
CUST02720,Sumer Ram,Corporate,Karnataka,Gurgaon,2025-06-27
CUST02721,Nayantara Ahluwalia,Home Office,Telangana,Tadipatri,2025-12-16
CUST02722,Seher Choudhary,Consumer,Rajasthan,Rajkot,2023-04-30
CUST02723,Gatik Srinivas,Home Office,Rajasthan,Jamshedpur,2024-12-27
CUST02724,Ivan Shah,Corporate,West Bengal,Junagadh,2025-09-08
CUST02725,Shalv Basak,Home Office,Telangana,Bhilwara,2022-04-17
CUST02726,Krish Basu,Corporate,Delhi,Ramgarh,2022-05-01
CUST02727,Prerak Sami,Corporate,Rajasthan,Tinsukia,2025-05-25
CUST02728,Anika Hegde,Corporate,Punjab,Faridabad,2025-02-08
CUST02729,Jhanvi Kamdar,Home Office,Punjab,Miryalaguda,2024-07-01
CUST02730,Stuvan Goel,Consumer,Rajasthan,Buxar,2022-10-15
CUST02731,Aradhya Sarna,Consumer,Tamil Nadu,Coimbatore,2025-01-24
CUST02732,Amira Sant,Corporate,Delhi,Bettiah,2022-06-20
CUST02733,Adira Ramakrishnan,Consumer,Tamil Nadu,Aurangabad,2023-01-23
CUST02734,Arnav Dixit,Home Office,Telangana,Deoghar,2024-10-08
CUST02735,Gokul Ramaswamy,Corporate,Tamil Nadu,Bikaner,2025-09-05
CUST02736,Zaina Manda,Consumer,West Bengal,Ozhukarai,2024-11-21
CUST02737,Miraan Kamdar,Home Office,West Bengal,Raurkela Industrial Township,2024-08-27
CUST02738,Manikya Bali,Home Office,Telangana,Rohtak,2024-07-28
CUST02739,Elakshi Rama,Consumer,Telangana,Bilaspur,2024-08-12
CUST02740,Kiara Thakkar,Consumer,Rajasthan,Miryalaguda,2022-12-22
CUST02741,Dhanush Sani,Home Office,Delhi,Parbhani,2023-11-18
CUST02742,Eshani Ray,Home Office,Gujarat,Bilaspur,2025-07-23
CUST02743,Pihu Walia,Corporate,Gujarat,Kumbakonam,2026-03-23
CUST02744,Aradhya Sahni,Consumer,Karnataka,Ramagundam,2021-11-05
CUST02745,Yashvi Thaker,Corporate,Punjab,Gopalpur,2024-07-05
CUST02746,Prerak Bala,Corporate,Tamil Nadu,Khammam,2024-03-13
CUST02747,Aaryahi Buch,Home Office,Rajasthan,Delhi,2023-03-25
CUST02748,Elakshi Ghose,Home Office,Gujarat,Jammu,2023-06-19
CUST02749,Ishaan Sabharwal,Home Office,Tamil Nadu,Etawah,2024-05-24
CUST02750,Dhanush Upadhyay,Home Office,Rajasthan,Pallavaram,2024-06-26
CUST02751,Hiran Dutta,Consumer,Rajasthan,Haridwar,2024-10-31
CUST02752,Advik Doshi,Home Office,Telangana,Serampore,2023-12-06
CUST02753,Shray Soman,Corporate,Karnataka,Solapur,2023-04-01
CUST02754,Arnav Kapadia,Corporate,Telangana,Amritsar,2025-10-26
CUST02755,Dhanush Dani,Home Office,Uttar Pradesh,Fatehpur,2024-04-03
CUST02756,Hridaan Khosla,Corporate,Tamil Nadu,Katihar,2025-03-14
CUST02757,Kanav Karan,Home Office,Gujarat,Bongaigaon,2025-05-21
CUST02758,Rania Chahal,Home Office,Rajasthan,Bally,2026-04-08
CUST02759,Raunak Rege,Home Office,Karnataka,Raurkela Industrial Township,2023-06-05
CUST02760,Onkar Bhasin,Home Office,Maharashtra,Panipat,2024-11-09
CUST02761,Aniruddh Sane,Home Office,Delhi,Thanjavur,2021-09-06
CUST02762,Inaaya  Raju,Corporate,Karnataka,Bardhaman,2024-08-17
CUST02763,Shalv Thakkar,Consumer,Delhi,Aligarh,2023-03-11
CUST02764,Purab Dua,Home Office,Rajasthan,Surat,2021-08-13
CUST02765,Misha Rau,Corporate,Telangana,Jodhpur,2023-11-03
CUST02766,Sumer Bhakta,Home Office,West Bengal,Rajahmundry,2026-03-25
CUST02767,Zara Sarraf,Consumer,Rajasthan,Mangalore,2024-05-07
CUST02768,Anay Lal,Home Office,West Bengal,Bathinda,2024-04-22
CUST02769,Manikya Gour,Consumer,Karnataka,Belgaum,2026-03-31
CUST02770,Samiha Kurian,Corporate,Punjab,Anantapur,2021-08-16
CUST02771,Alisha Raval,Corporate,Maharashtra,Karaikudi,2022-11-25
CUST02772,Kanav Krishnan,Consumer,Tamil Nadu,Ghaziabad,2024-08-01
CUST02773,Nirvaan Kumer,Consumer,Gujarat,Kumbakonam,2025-12-14
CUST02774,Seher Gandhi,Consumer,Punjab,Sultan Pur Majra,2024-04-10
CUST02775,Samaira Kunda,Consumer,Rajasthan,Dehradun,2024-09-12
CUST02776,Rania Guha,Corporate,Punjab,Tenali,2025-06-29
CUST02777,Baiju Jayaraman,Home Office,Telangana,Tezpur,2024-03-15
CUST02778,Urvi Bhasin,Corporate,Punjab,Moradabad,2025-05-09
CUST02779,Adira Sabharwal,Consumer,Karnataka,Jaunpur,2025-10-14
CUST02780,Shayak Dalal,Home Office,Uttar Pradesh,Imphal,2022-07-16
CUST02781,Oorja Dutta,Corporate,West Bengal,Solapur,2026-03-10
CUST02782,Nayantara Kota,Consumer,Telangana,South Dumdum,2022-10-09
CUST02783,Riya Dutta,Corporate,Delhi,Rampur,2025-09-08
CUST02784,Nitara Samra,Consumer,Punjab,Naihati,2026-04-18
CUST02785,Kiaan De,Home Office,Telangana,Belgaum,2024-08-28
CUST02786,Kimaya Ramachandran,Home Office,Delhi,Surendranagar Dudhrej,2022-10-13
CUST02787,Rasha Sehgal,Home Office,Karnataka,New Delhi,2023-03-30
CUST02788,Nayantara Sathe,Home Office,West Bengal,Dehri,2021-05-27
CUST02789,Lakshay Ravi,Corporate,Delhi,Tinsukia,2022-10-31
CUST02790,Anahi Biswas,Home Office,West Bengal,Bhind,2023-09-27
CUST02791,Renee Taneja,Consumer,Maharashtra,Lucknow,2022-03-21
CUST02792,Manikya Singhal,Corporate,Rajasthan,Rohtak,2024-03-01
CUST02793,Tushar Yadav,Corporate,Rajasthan,Gulbarga,2022-12-05
CUST02794,Zara Gaba,Corporate,Punjab,Ozhukarai,2023-12-15
CUST02795,Alia Saraf,Consumer,Telangana,Haridwar,2025-08-28
CUST02796,Pranay Anne,Consumer,Maharashtra,Panvel,2025-08-21
CUST02797,Siya Deo,Consumer,Telangana,Hajipur,2023-05-09
CUST02798,Hridaan Dani,Corporate,Telangana,Madhyamgram,2026-03-18
CUST02799,Advika Venkatesh,Home Office,Gujarat,Panvel,2022-01-16
CUST02800,Madhup Shetty,Corporate,Tamil Nadu,Sangli-Miraj & Kupwad,2021-12-18
CUST02801,Faiyaz Gopal,Consumer,Punjab,Vijayawada,2023-04-07
CUST02802,Madhup Vaidya,Consumer,Uttar Pradesh,Karimnagar,2023-09-19
CUST02803,Chirag Sem,Corporate,Punjab,Machilipatnam,2025-08-27
CUST02804,Nehmat Kata,Consumer,Tamil Nadu,Faridabad,2025-11-21
CUST02805,Akarsh Rajagopal,Consumer,Rajasthan,Kanpur,2023-02-07
CUST02806,Anaya Chatterjee,Home Office,Maharashtra,Tirupati,2023-12-08
CUST02807,Vivaan Dyal,Home Office,Maharashtra,Bongaigaon,2024-07-07
CUST02808,Vritika Khosla,Home Office,Tamil Nadu,Thrissur,2025-08-20
CUST02809,Adah Lall,Corporate,Maharashtra,Bhagalpur,2022-06-24
CUST02810,Inaaya  Chandran,Home Office,Tamil Nadu,Faridabad,2022-02-23
CUST02811,Tejas Madan,Home Office,Punjab,Bongaigaon,2023-09-08
CUST02812,Adah Agate,Corporate,Uttar Pradesh,Bhiwani,2023-03-04
CUST02813,Reyansh Jha,Corporate,Punjab,Kumbakonam,2021-11-02
CUST02814,Zaina Kala,Corporate,Delhi,Katni,2025-05-28
CUST02815,Raunak Krishnamurthy,Corporate,Uttar Pradesh,Alwar,2023-01-06
CUST02816,Divyansh Golla,Home Office,Uttar Pradesh,Kottayam,2025-07-31
CUST02817,Rhea Sandhu,Home Office,West Bengal,Gudivada,2025-08-26
CUST02818,Shamik Chacko,Corporate,Maharashtra,Bhopal,2025-07-19
CUST02819,Mohanlal Keer,Corporate,Maharashtra,Ulhasnagar,2023-01-01
CUST02820,Stuvan Chand,Corporate,Delhi,Mangalore,2022-12-10
CUST02821,Saksham Rana,Home Office,Delhi,Guntakal,2021-07-24
CUST02822,Biju Balasubramanian,Corporate,Rajasthan,Dibrugarh,2022-05-26
CUST02823,Khushi Srinivasan,Corporate,Telangana,Panipat,2024-10-26
CUST02824,Adah Din,Home Office,West Bengal,Sri Ganganagar,2026-01-10
CUST02825,Nakul Bir,Home Office,Tamil Nadu,Rewa,2026-04-29
CUST02826,Seher Sami,Consumer,Tamil Nadu,Vijayawada,2021-05-19
CUST02827,Nitya Bhasin,Consumer,Rajasthan,Kozhikode,2022-11-08
CUST02828,Aarav Mani,Home Office,Gujarat,Chittoor,2023-01-30
CUST02829,Kanav Borra,Consumer,Telangana,Bulandshahr,2022-06-09
CUST02830,Kaira Dass,Consumer,Uttar Pradesh,Rourkela,2025-06-29
CUST02831,Miraya Mallick,Corporate,Gujarat,Gopalpur,2025-10-19
CUST02832,Shaan Jani,Consumer,Punjab,Siliguri,2026-03-13
CUST02833,Saanvi Bains,Corporate,Karnataka,Coimbatore,2022-02-06
CUST02834,Mishti Rajagopalan,Home Office,Delhi,Howrah,2025-10-12
CUST02835,Jayant Bahl,Corporate,Delhi,Nizamabad,2024-04-14
CUST02836,Priyansh Rama,Consumer,Delhi,Ranchi,2025-03-22
CUST02837,Jayesh Mahajan,Corporate,Delhi,Pudukkottai,2021-08-01
CUST02838,Oorja Lata,Consumer,Delhi,Nashik,2022-01-02
CUST02839,Sahil Dave,Consumer,Punjab,Patna,2022-12-24
CUST02840,Miraya Aurora,Corporate,Karnataka,Bhilai,2022-01-09
CUST02841,Anahi Mahal,Consumer,Maharashtra,Loni,2023-02-04
CUST02842,Khushi Goyal,Consumer,Uttar Pradesh,Thoothukudi,2026-01-05
CUST02843,Anya Soni,Home Office,West Bengal,Raebareli,2021-12-11
CUST02844,Divij Jaggi,Home Office,West Bengal,Coimbatore,2022-05-04
CUST02845,Amani Chokshi,Corporate,Gujarat,Bhagalpur,2024-11-09
CUST02846,Aniruddh Maharaj,Home Office,Gujarat,Aizawl,2024-11-10
CUST02847,Elakshi Mandal,Corporate,Punjab,Moradabad,2025-06-08
CUST02848,Shalv Sehgal,Corporate,Uttar Pradesh,Nellore,2022-09-27
CUST02849,Devansh Bajwa,Consumer,Telangana,Raiganj,2023-08-01
CUST02850,Aarush Vala,Corporate,Rajasthan,Navi Mumbai,2023-09-03
CUST02851,Miraan Goda,Consumer,Punjab,Tenali,2023-01-19
CUST02852,Sahil Divan,Consumer,West Bengal,Gaya,2023-06-13
CUST02853,Aarna Sen,Home Office,Rajasthan,Berhampore,2024-06-02
CUST02854,Umang Hans,Corporate,Telangana,Hyderabad,2022-12-19
CUST02855,Samarth Sethi,Consumer,Telangana,Mango,2022-06-02
CUST02856,Hiran Lala,Corporate,Rajasthan,Bikaner,2025-11-27
CUST02857,Tanya Dixit,Home Office,Karnataka,Karaikudi,2026-02-04
CUST02858,Advik Saxena,Corporate,Maharashtra,Erode,2022-06-29
CUST02859,Kimaya Rout,Home Office,Telangana,Panipat,2026-04-24
CUST02860,Darshit Chandra,Corporate,Gujarat,South Dumdum,2025-12-26
CUST02861,Vivaan Mani,Home Office,West Bengal,Kottayam,2025-01-13
CUST02862,Tarini Sethi,Consumer,Delhi,Bongaigaon,2023-07-18
CUST02863,Fateh Mann,Corporate,Punjab,Mau,2023-04-06
CUST02864,Neelofar Kanda,Consumer,Gujarat,Malda,2023-09-20
CUST02865,Tarini Chaudhry,Corporate,Punjab,Hazaribagh,2024-04-06
CUST02866,Rasha Chopra,Corporate,Karnataka,Dewas,2025-03-05
CUST02867,Neysa Comar,Home Office,Tamil Nadu,Warangal,2022-03-26
CUST02868,Indrans Atwal,Consumer,Tamil Nadu,Kamarhati,2022-09-08
CUST02869,Aayush Sachar,Corporate,Punjab,Thoothukudi,2023-08-30
CUST02870,Keya Ahuja,Corporate,Gujarat,Tiruvottiyur,2023-04-03
CUST02871,Lavanya Solanki,Consumer,Uttar Pradesh,Amaravati,2023-02-26
CUST02872,Uthkarsh Agrawal,Corporate,Delhi,Dhule,2023-11-23
CUST02873,Piya Sastry,Corporate,Gujarat,Adoni,2025-03-23
CUST02874,Divyansh Sehgal,Corporate,Rajasthan,Thrissur,2021-05-29
CUST02875,Faiyaz Kakar,Corporate,Uttar Pradesh,Sonipat,2021-09-01
CUST02876,Heer Kapadia,Consumer,Punjab,Udaipur,2024-08-01
CUST02877,Shaan Rege,Consumer,Punjab,Kolkata,2024-09-05
CUST02878,Zeeshan Shenoy,Home Office,Delhi,Nizamabad,2024-03-19
CUST02879,Indranil Lad,Consumer,Tamil Nadu,Pali,2023-08-11
CUST02880,Kiaan Rout,Consumer,Telangana,Kadapa,2025-12-10
CUST02881,Zaina Goyal,Corporate,Rajasthan,Ujjain,2024-05-09
CUST02882,Bhamini Dalal,Consumer,Karnataka,Madanapalle,2022-01-29
CUST02883,Samaira Dube,Home Office,Karnataka,Darbhanga,2025-07-08
CUST02884,Kanav Butala,Corporate,West Bengal,Gandhinagar,2022-10-29
CUST02885,Dharmajan Vora,Consumer,Rajasthan,Sonipat,2024-12-04
CUST02886,Piya Sunder,Corporate,Karnataka,Bhagalpur,2025-11-19
CUST02887,Dharmajan Bath,Home Office,Telangana,Baranagar,2021-08-30
CUST02888,Mahika Chander,Home Office,Gujarat,Gandhidham,2023-07-30
CUST02889,Rasha Saxena,Corporate,Tamil Nadu,Sri Ganganagar,2024-07-21
CUST02890,Armaan Dara,Corporate,Telangana,Rewa,2025-01-20
CUST02891,Tejas Dasgupta,Home Office,West Bengal,Navi Mumbai,2025-12-07
CUST02892,Lakshit Comar,Corporate,Maharashtra,Surendranagar Dudhrej,2023-12-17
CUST02893,Taran Kara,Home Office,Karnataka,Bellary,2023-03-31
CUST02894,Azad Raman,Consumer,Delhi,Shahjahanpur,2024-01-08
CUST02895,Arnav Varma,Corporate,Uttar Pradesh,Bhind,2022-09-09
CUST02896,Raunak Chana,Home Office,Maharashtra,Bareilly,2025-05-11
CUST02897,Diya Sridhar,Corporate,Gujarat,Bongaigaon,2022-01-28
CUST02898,Romil Sen,Corporate,Gujarat,Ozhukarai,2023-12-27
CUST02899,Yashvi Gopal,Corporate,Telangana,Ulhasnagar,2022-05-23
CUST02900,Devansh Mahajan,Home Office,Tamil Nadu,Patiala,2022-12-05
CUST02901,Mishti Lall,Corporate,West Bengal,Panchkula,2025-01-18
CUST02902,Reyansh Jaggi,Corporate,Maharashtra,Bongaigaon,2023-01-23
CUST02903,Shamik Bajwa,Corporate,Punjab,Kochi,2024-10-19
CUST02904,Azad Rajagopal,Consumer,Punjab,Bathinda,2024-01-19
CUST02905,Dhanush Kothari,Home Office,Telangana,Amroha,2022-12-06
CUST02906,Stuvan Dara,Consumer,Tamil Nadu,Hapur,2023-08-27
CUST02907,Biju Srinivas,Corporate,Gujarat,Panihati,2023-02-19
CUST02908,Chirag Kata,Home Office,Telangana,Cuttack,2023-02-26
CUST02909,Aayush Bhat,Corporate,Uttar Pradesh,Kulti,2023-12-11
CUST02910,Yakshit Char,Consumer,Rajasthan,Tumkur,2022-01-21
CUST02911,Yakshit Tella,Home Office,Tamil Nadu,Bhimavaram,2024-10-08
CUST02912,Divyansh Sami,Corporate,Karnataka,Raiganj,2025-06-12
CUST02913,Jivika Basak,Consumer,Gujarat,Madurai,2025-06-09
CUST02914,Lakshit Balakrishnan,Corporate,Punjab,Sagar,2021-10-12
CUST02915,Indranil Varkey,Home Office,Rajasthan,Sangli-Miraj & Kupwad,2025-10-28
CUST02916,Pihu Baral,Consumer,Maharashtra,South Dumdum,2023-05-03
CUST02917,Shamik Salvi,Consumer,Gujarat,Aurangabad,2026-02-19
CUST02918,Madhup Seshadri,Consumer,Gujarat,Gulbarga,2025-01-07
CUST02919,Hunar Deshmukh,Corporate,Tamil Nadu,Gwalior,2024-12-14
CUST02920,Jayesh Mani,Home Office,Tamil Nadu,Tezpur,2023-12-30
CUST02921,Shamik Singhal,Home Office,Rajasthan,Ramgarh,2021-10-19
CUST02922,Bhavin Chhabra,Corporate,Uttar Pradesh,Bahraich,2021-10-21
CUST02923,Kartik Yohannan,Corporate,Punjab,Shimoga,2022-09-27
CUST02924,Inaaya  Sandhu,Home Office,Uttar Pradesh,Berhampur,2023-08-30
CUST02925,Hiran Gopal,Corporate,Karnataka,Munger,2022-03-05
CUST02926,Tushar Sarraf,Consumer,West Bengal,Shimoga,2022-01-02
CUST02927,Oorja Kalita,Consumer,Delhi,Proddatur,2025-05-30
CUST02928,Riya Hayre,Home Office,Tamil Nadu,Agra,2022-05-29
CUST02929,Anya Mani,Home Office,Maharashtra,Chennai,2022-06-14
CUST02930,Anya Kaur,Consumer,Karnataka,Bhagalpur,2024-05-28
CUST02931,Aayush Agarwal,Corporate,Maharashtra,Kanpur,2022-07-07
CUST02932,Anya Chaudhuri,Consumer,Maharashtra,Kota,2024-04-17
CUST02933,Ayesha Bobal,Corporate,Telangana,Bhusawal,2025-06-17
CUST02934,Riaan Garg,Consumer,West Bengal,Silchar,2023-09-13
CUST02935,Samaira Varty,Corporate,Telangana,Bhilwara,2025-09-09
CUST02936,Jivika Kapur,Consumer,Maharashtra,Panihati,2022-12-12
CUST02937,Saanvi Goda,Corporate,Punjab,Jaipur,2024-07-06
CUST02938,Saira Tak,Consumer,Maharashtra,Bareilly,2026-05-13
CUST02939,Eva Bahl,Home Office,Rajasthan,Patiala,2024-03-22
CUST02940,Prisha Boase,Corporate,Delhi,Bharatpur,2021-12-11
CUST02941,Ivan Sen,Consumer,Tamil Nadu,Nizamabad,2023-05-06
CUST02942,Vihaan Banerjee,Corporate,Karnataka,Bihar Sharif,2024-09-04
CUST02943,Ryan Gulati,Consumer,Telangana,Vadodara,2021-06-17
CUST02944,Anay Salvi,Consumer,West Bengal,Durgapur,2022-12-30
CUST02945,Divyansh Jhaveri,Consumer,Gujarat,Vijayawada,2024-03-11
CUST02946,Zain Kothari,Corporate,Uttar Pradesh,Tirupati,2024-09-20
CUST02947,Ivana Balan,Corporate,Telangana,Ongole,2023-09-14
CUST02948,Kavya Ramanathan,Corporate,Telangana,Singrauli,2023-12-05
CUST02949,Indranil Dhillon,Corporate,Karnataka,Tiruppur,2024-12-05
CUST02950,Badal Sen,Home Office,Telangana,Gandhidham,2021-12-07
CUST02951,Kashvi Gandhi,Consumer,Punjab,Malegaon,2021-07-25
CUST02952,Trisha Zacharia,Home Office,Uttar Pradesh,Aizawl,2025-03-04
CUST02953,Saksham Rege,Home Office,Punjab,Firozabad,2026-02-07
CUST02954,Jiya Tandon,Corporate,Telangana,Dindigul,2025-06-01
CUST02955,Alisha Varghese,Home Office,Telangana,Hindupur,2023-12-24
CUST02956,Vedika Sabharwal,Corporate,Gujarat,Bhilwara,2021-06-22
CUST02957,Fateh Grover,Corporate,Telangana,Jodhpur,2022-04-15
CUST02958,Shayak Sandal,Consumer,Maharashtra,Loni,2023-01-08
CUST02959,Kiaan Sandal,Corporate,Tamil Nadu,Moradabad,2024-09-18
CUST02960,Devansh Sankaran,Corporate,Rajasthan,Khammam,2023-04-04
CUST02961,Reyansh Shukla,Corporate,Karnataka,Jalandhar,2023-04-01
CUST02962,Baiju Bhavsar,Corporate,West Bengal,Farrukhabad,2023-09-06
CUST02963,Aarav Krish,Consumer,Telangana,Tinsukia,2025-06-07
CUST02964,Rania Varughese,Consumer,Gujarat,Erode,2023-11-23
CUST02965,Manikya Sura,Corporate,Uttar Pradesh,Shahjahanpur,2023-08-23
CUST02966,Oorja Sahni,Home Office,West Bengal,Jammu,2021-06-11
CUST02967,Shray Dhawan,Home Office,Uttar Pradesh,Visakhapatnam,2022-07-06
CUST02968,Ira Samra,Corporate,Tamil Nadu,Ahmedabad,2025-02-16
CUST02969,Neysa Sood,Consumer,Rajasthan,Kozhikode,2022-02-11
CUST02970,Bhavin Khosla,Corporate,Punjab,Mysore,2021-09-24
CUST02971,Vidur Bhandari,Consumer,West Bengal,Khora ,2025-07-05
CUST02972,Kiaan Agrawal,Home Office,Gujarat,Karawal Nagar,2025-03-31
CUST02973,Lagan Chokshi,Consumer,Rajasthan,Ajmer,2021-07-22
CUST02974,Anya Lanka,Home Office,Rajasthan,Ambala,2026-02-13
CUST02975,Myra Batra,Corporate,Delhi,Amravati,2025-02-05
CUST02976,Nirvi Kara,Consumer,Rajasthan,Sikar,2021-11-27
CUST02977,Bhavin Bajwa,Corporate,Delhi,Singrauli,2024-08-13
CUST02978,Pranay Sachdev,Corporate,Maharashtra,Bahraich,2021-12-03
CUST02979,Shray Amble,Corporate,Delhi,Guna,2023-06-13
CUST02980,Sumer Boase,Home Office,Punjab,Mau,2025-04-04
CUST02981,Rasha Grover,Home Office,Tamil Nadu,Nandyal,2024-10-02
CUST02982,Ojas Singhal,Corporate,Telangana,Sangli-Miraj & Kupwad,2026-02-11
CUST02983,Kismat Varkey,Corporate,Rajasthan,Korba,2024-06-14
CUST02984,Jayesh Magar,Consumer,Maharashtra,Durg,2025-10-11
CUST02985,Emir Bandi,Consumer,Karnataka,Morena,2023-02-13
CUST02986,Oorja Balay,Corporate,Maharashtra,Gudivada,2025-04-24
CUST02987,Saira Sami,Home Office,Uttar Pradesh,Kadapa,2022-02-21
CUST02988,Jiya Dara,Home Office,Uttar Pradesh,Nagpur,2024-01-21
CUST02989,Kabir Bava,Corporate,Punjab,Fatehpur,2025-09-26
CUST02990,Aniruddh Sule,Corporate,Delhi,Loni,2026-04-25
CUST02991,Zain Sridhar,Corporate,West Bengal,Malda,2023-04-14
CUST02992,Shaan Dar,Consumer,West Bengal,Medininagar,2023-10-07
CUST02993,Sara Sheth,Home Office,West Bengal,Unnao,2024-10-13
CUST02994,Ira Talwar,Consumer,Maharashtra,Dindigul,2021-08-25
CUST02995,Vaibhav Hans,Corporate,Tamil Nadu,Adoni,2026-01-10
CUST02996,Pari Kade,Consumer,Uttar Pradesh,Pimpri-Chinchwad,2021-06-03
CUST02997,Vanya Rajagopal,Home Office,West Bengal,Jodhpur,2022-08-22
CUST02998,Pranay Brar,Consumer,Maharashtra,Ambarnath,2024-04-16
CUST02999,Veer Srinivasan,Consumer,West Bengal,Patiala,2022-09-23
CUST03000,Yashvi Rout,Corporate,Delhi,Morena,2021-12-17
